timestamp,device,tag_id,seq,rx_power,fp_power,fp_rx_ratio,quality,std_noise,fp_ampl1,fp_ampl2,fp_ampl3,cir_power,rxpacc,reply_delay,flags
2026-05-01T13:13:10.517,A1,1,949,-68.4,-104.5,-36.0,33.73,104,2351,3508,2164,29385,1625,437255832,1
2026-05-01T13:13:10.639,A1,1,950,-68.3,-104.3,-36.0,34.65,88,1909,3049,2854,26901,1548,427305487,1
2026-05-01T13:13:10.757,A1,1,951,-68.0,-103.9,-35.9,32.21,116,2340,3736,2932,33479,1709,529794415,1
2026-05-01T13:13:10.879,A1,1,952,-67.9,-103.9,-36.0,24.03,108,2504,2595,3388,29339,1595,748086373,1
2026-05-01T13:13:10.996,A1,1,953,-68.0,-103.8,-35.8,24.12,128,2613,3087,3955,37049,1796,417726614,1
2026-05-01T13:13:11.149,A1,1,954,-68.1,-104.2,-36.2,36.87,92,2202,3392,3136,33278,1709,511781058,1
2026-05-01T13:13:11.208,A1,1,955,-67.8,-104.1,-36.3,26.24,96,2136,2519,3299,27366,1532,430858958,1
2026-05-01T13:13:11.329,A1,1,956,-68.2,-103.8,-35.7,40.42,96,2425,3880,2875,33571,1720,708283360,1
2026-05-01T13:13:11.417,A1,1,957,-68.0,-104.1,-36.1,28.93,88,2175,2546,3267,27146,1537,423900026,1
2026-05-01T13:13:11.539,A1,1,958,-68.0,-104.5,-36.5,42.38,76,2080,3221,2364,27643,1552,444603616,1
2026-05-01T13:13:11.659,A1,1,959,-68.0,-104.1,-36.0,35.84,100,2042,3584,3036,32137,1676,483854368,1
2026-05-01T13:13:11.778,A1,1,960,-67.6,-104.1,-36.6,35.0,88,2010,3080,2828,27675,1530,464037123,1
2026-05-01T13:13:11.899,A1,1,961,-67.8,-104.2,-36.4,28.63,108,2129,3092,2726,27888,1548,405423466,1
2026-05-01T13:13:11.958,A1,1,962,-67.7,-103.9,-36.2,29.56,108,2227,3192,3453,32825,1675,398453948,1
2026-05-01T13:13:12.078,A1,1,963,-67.6,-104.2,-36.6,32.69,96,2158,3138,2655,28004,1539,424564120,1
2026-05-01T13:13:12.199,A1,1,964,-67.9,-104.5,-36.6,32.67,92,1914,3006,2598,26290,1509,415204418,1
2026-05-01T13:13:12.317,A1,1,965,-67.7,-104.1,-36.4,32.53,116,2424,3773,2656,34307,1714,391887394,1
2026-05-01T13:13:12.438,A1,1,966,-67.9,-104.6,-36.7,30.23,92,1901,2781,2542,24788,1463,386929613,1
2026-05-01T13:13:12.557,A1,1,967,-68.0,-103.8,-35.7,25.61,108,2511,2766,3581,30510,1633,517744327,1
2026-05-01T13:13:12.679,A1,1,968,-67.9,-104.6,-36.7,33.03,88,2121,2907,2424,26290,1511,485410191,1
2026-05-01T13:13:12.801,A1,1,969,-68.0,-103.9,-35.9,24.05,108,2292,2597,3404,27920,1563,445659201,1
2026-05-01T13:13:12.947,A1,1,970,-68.1,-104.2,-36.1,26.28,108,2181,2838,3150,28440,1581,405792542,1
2026-05-01T13:13:13.037,A1,1,971,-68.1,-104.5,-36.3,32.52,104,2361,3382,2266,29685,1617,491560245,1
2026-05-01T13:13:13.127,A1,1,972,-68.0,-103.8,-35.8,33.46,108,2278,3614,2889,30863,1639,416328612,1
2026-05-01T13:13:13.249,A1,1,973,-67.7,-103.5,-35.8,36.33,92,2405,3342,3167,29866,1596,424204551,1
2026-05-01T13:13:13.339,A1,1,974,-68.3,-103.1,-34.8,27.68,120,2883,3322,3997,33805,1733,454880398,1
2026-05-01T13:13:13.457,A1,1,975,-68.3,-103.4,-35.1,33.02,116,2847,3830,2480,30105,1637,516366822,1
2026-05-01T13:13:13.606,A1,1,976,-68.3,-103.9,-35.6,32.39,96,2344,3109,2619,25367,1503,494562760,1
2026-05-01T13:13:13.758,A1,1,977,-67.9,-103.3,-35.4,37.5,80,2323,3000,2911,23841,1437,441944529,1
2026-05-01T13:13:13.849,A1,1,978,-67.8,-102.3,-34.5,42.32,96,2953,4063,3632,31826,1652,448443647,1
2026-05-01T13:13:13.936,A1,1,979,-68.0,-102.7,-34.7,38.85,88,2498,3419,2857,23305,1427,440324492,1
2026-05-01T13:13:14.026,A1,1,980,-68.1,-103.0,-34.9,42.53,100,3524,4253,2698,36099,1779,745090708,1
2026-05-01T13:13:14.146,A1,1,981,-68.3,-103.2,-34.9,40.57,84,2285,3408,2898,24928,1490,396978710,1
2026-05-01T13:13:14.268,A1,1,982,-68.3,-103.5,-35.2,38.07,76,2133,2893,2931,22633,1419,433014214,1
2026-05-01T13:13:14.389,A1,1,983,-67.5,-103.1,-35.6,40.05,80,2244,3204,3139,25452,1466,440510373,1
2026-05-01T13:13:14.476,A1,1,984,-67.8,-103.3,-35.5,41.57,76,2502,3159,2281,22482,1392,442222912,1
2026-05-01T13:13:14.597,A1,1,985,-68.1,-102.7,-34.6,36.68,116,3612,4255,2695,34266,1735,413031696,1
2026-05-01T13:13:14.718,A1,1,986,-68.0,-102.8,-34.8,35.5,104,2936,3692,2491,25912,1501,708270193,1
2026-05-01T13:13:14.806,A1,1,987,-68.0,-103.1,-35.1,26.97,104,2345,2805,2947,21703,1377,487065800,1
2026-05-01T13:13:14.927,A1,1,988,-67.7,-103.2,-35.5,38.29,80,1870,3063,2948,21976,1371,399323645,1
2026-05-01T13:13:15.046,A1,1,989,-67.9,-103.0,-35.1,35.66,96,2799,3423,2054,23105,1413,451230121,1
2026-05-01T13:13:15.167,A1,1,990,-68.2,-102.4,-34.2,34.01,124,3166,4217,4171,37395,1819,458683070,1
2026-05-01T13:13:15.317,A1,1,991,-68.6,-102.9,-34.3,35.86,88,2454,3156,3202,23635,1465,750998237,1
2026-05-01T13:13:15.409,A1,1,992,-68.3,-103.0,-34.7,32.57,124,3542,4039,2450,32858,1713,468903183,1
2026-05-01T13:13:15.497,A1,1,993,-68.0,-102.5,-34.4,37.14,92,2292,3417,3591,25168,1484,469733546,1
2026-05-01T13:13:15.616,A1,1,994,-68.0,-102.2,-34.3,33.54,100,2459,3354,3340,22958,1413,464846928,1
2026-05-01T13:13:15.738,A1,1,995,-67.7,-102.4,-34.7,40.66,92,3247,3741,2431,25859,1487,482031146,1
2026-05-01T13:13:15.827,A1,1,996,-68.0,-102.3,-34.3,36.0,124,3918,4464,2912,35867,1768,619768963,1
2026-05-01T13:13:15.948,A1,1,997,-68.0,-102.1,-34.1,32.06,108,2974,3463,3197,24142,1453,441156429,1
2026-05-01T13:13:16.036,A1,1,998,-68.2,-102.5,-34.2,38.22,88,3009,3363,2520,22315,1405,513661451,1
2026-05-01T13:13:16.157,A1,1,999,-67.9,-101.6,-33.8,33.81,120,3438,4057,3827,30364,1620,727960692,1
2026-05-01T13:13:16.247,A1,1,1000,-67.9,-103.0,-35.1,30.37,104,3138,3158,1962,23035,1412,423514150,1
2026-05-01T13:13:16.366,A1,1,1001,-68.2,-102.6,-34.4,41.06,108,3649,4434,3206,37296,1815,763397618,1
2026-05-01T13:13:16.488,A1,1,1002,-68.3,-101.9,-33.6,36.1,120,3685,4332,4526,38360,1845,408049430,1
2026-05-01T13:13:16.606,A1,1,1003,-68.5,-102.8,-34.4,49.06,88,3749,4317,2710,35695,1792,392068113,1
2026-05-01T13:13:16.727,A1,1,1004,-68.5,-103.6,-35.2,35.26,88,2801,3103,1927,22820,1433,399030241,1
2026-05-01T13:13:16.818,A1,1,1005,-68.2,-102.3,-34.2,36.79,112,2946,4121,3164,29138,1603,470515710,1
2026-05-01T13:13:16.938,A1,1,1006,-68.6,-103.5,-34.8,43.25,72,2283,3114,2485,21556,1402,412713934,1
2026-05-01T13:13:17.057,A1,1,1007,-68.3,-103.1,-34.8,34.2,88,2383,3010,2779,21453,1383,447231431,1
2026-05-01T13:13:17.177,A1,1,1008,-68.3,-102.6,-34.3,31.54,132,3388,4163,2709,31002,1662,507153022,1
2026-05-01T13:13:17.267,A1,1,1009,-68.1,-102.2,-34.1,39.17,112,3511,4387,3223,32966,1701,546573352,1
2026-05-01T13:13:17.388,A1,1,1010,-68.3,-102.7,-34.4,39.89,100,2753,3989,3805,33426,1728,391838982,1
2026-05-01T13:13:17.509,A1,1,1011,-67.8,-103.0,-35.2,37.59,76,2391,2857,3141,23319,1417,487181731,1
2026-05-01T13:13:17.627,A1,1,1012,-68.3,-103.1,-34.8,35.49,88,2763,3123,2331,21872,1396,451552522,1
2026-05-01T13:13:17.747,A1,1,1013,-68.0,-103.2,-35.3,39.1,68,2332,2659,2954,21560,1370,391730454,1
2026-05-01T13:13:17.836,A1,1,1014,-67.8,-102.2,-34.4,33.55,132,3441,4429,4357,41165,1883,463107679,1
2026-05-01T13:13:17.957,A1,1,1015,-67.9,-103.1,-35.3,37.14,76,2462,2823,2587,20693,1337,422911755,1
2026-05-01T13:13:18.047,A1,1,1016,-68.4,-102.2,-33.8,37.54,128,3792,4805,3502,38662,1864,408908122,1
2026-05-01T13:13:18.197,A1,1,1017,-69.0,-102.8,-33.7,38.59,80,2549,3087,2710,19908,1366,742345773,1
2026-05-01T13:13:18.287,A1,1,1018,-67.9,-102.5,-34.6,47.63,84,3031,4001,3302,31027,1639,401465307,1
2026-05-01T13:13:18.376,A1,1,1019,-67.8,-103.2,-35.4,45.25,76,2526,3439,2267,23696,1426,546239477,1
2026-05-01T13:13:18.499,A1,1,1020,-68.1,-102.9,-34.9,37.14,80,2547,2971,2651,20980,1355,763216202,1
2026-05-01T13:13:18.617,A1,1,1021,-67.8,-102.6,-34.8,35.13,120,3841,4216,2491,34089,1712,439192867,1
2026-05-01T13:13:18.707,A1,1,1022,-67.7,-102.8,-35.1,34.47,88,2679,3033,2460,20839,1335,410865929,1
2026-05-01T13:13:18.797,A1,1,1023,-67.7,-102.9,-35.2,33.2,96,3251,3187,2026,23767,1425,400298472,1
2026-05-01T13:13:18.918,A1,1,1024,-67.8,-103.2,-35.4,41.16,80,2946,3293,1993,23859,1432,386722177,1
2026-05-01T13:13:19.037,A1,1,1025,-67.8,-102.0,-34.2,34.59,108,3122,3736,3613,28197,1555,439756932,1
2026-05-01T13:13:19.158,A1,1,1026,-67.8,-102.1,-34.3,31.73,104,2860,3300,3141,23020,1406,440205626,1
2026-05-01T13:13:19.247,A1,1,1027,-67.8,-103.5,-35.7,34.41,88,3156,3028,1841,24754,1458,465691686,1
2026-05-01T13:13:19.336,A1,1,1028,-67.7,-101.5,-33.8,32.45,128,3734,4153,4005,32958,1680,423567395,1
2026-05-01T13:13:19.487,A1,1,1029,-68.2,-102.0,-33.8,36.94,116,3713,4285,4421,39210,1861,455242084,1
2026-05-01T13:13:19.578,A1,1,1030,-67.5,-102.5,-35.0,37.09,92,2780,3412,2647,23470,1408,487186926,1
2026-05-01T13:13:19.667,A1,1,1031,-68.0,-102.2,-34.2,39.9,92,3501,3671,3636,30986,1643,454388651,1
2026-05-01T13:13:19.786,A1,1,1032,-67.7,-102.2,-34.5,36.71,100,3205,3671,2847,25940,1489,445334574,1
2026-05-01T13:13:19.876,A1,1,1033,-68.0,-102.6,-34.6,32.27,136,3995,4389,2755,37594,1809,486884488,1
2026-05-01T13:13:19.996,A1,1,1034,-67.5,-102.4,-34.9,41.91,88,2747,3688,2919,25742,1474,422395964,1
2026-05-01T13:13:20.117,A1,1,1035,-68.1,-103.0,-34.9,35.9,88,2931,3159,2278,22531,1406,722954015,1
2026-05-01T13:13:20.207,A1,1,1036,-67.4,-103.3,-35.8,44.49,76,2848,3381,2023,25167,1453,422688693,1
2026-05-01T13:13:20.297,A1,1,1037,-67.6,-103.0,-35.4,38.44,88,2894,3383,2306,24654,1445,420523138,1
2026-05-01T13:13:20.417,A1,1,1038,-67.8,-102.5,-34.7,38.74,116,3766,4494,3491,40244,1858,487199928,1
2026-05-01T13:13:20.538,A1,1,1039,-68.1,-102.5,-34.4,40.01,112,3656,4481,3845,40733,1891,395520866,1
2026-05-01T13:13:20.629,A1,1,1040,-68.0,-102.1,-34.2,33.38,136,3832,4540,3937,40150,1869,489270055,1
2026-05-01T13:13:20.746,A1,1,1041,-67.5,-102.5,-34.9,32.46,84,3129,2727,3187,24073,1426,463025686,1
2026-05-01T13:13:20.867,A1,1,1042,-68.0,-102.9,-34.9,30.3,100,2816,3030,2445,21552,1369,435579030,1
2026-05-01T13:13:20.965,A1,1,1043,-67.7,-103.0,-35.2,28.74,116,2935,3334,2100,23419,1415,487127605,1
2026-05-01T13:13:21.079,A1,1,1044,-67.8,-103.3,-35.5,38.71,72,2849,2787,2113,21200,1350,444577684,1
2026-05-01T13:13:21.198,A1,1,1045,-67.9,-103.1,-35.3,46.95,80,2946,3756,2349,28230,1561,428704423,1
2026-05-01T13:13:21.316,A1,1,1046,-67.7,-102.5,-34.8,30.76,88,2990,2707,3144,23056,1404,457487069,1
2026-05-01T13:13:21.437,A1,1,1047,-67.6,-102.7,-35.1,31.8,108,2948,3434,2317,23698,1418,487023536,1
2026-05-01T13:13:21.558,A1,1,1048,-67.8,-102.4,-34.6,34.83,80,3010,2786,3162,22931,1406,436709462,1
2026-05-01T13:13:21.648,A1,1,1049,-67.6,-102.4,-34.8,31.42,108,2944,3393,2802,23918,1424,414792559,1
2026-05-01T13:13:21.790,A1,1,1050,-67.8,-102.3,-34.5,40.67,96,3376,3904,2885,29018,1578,414320626,1
2026-05-01T13:13:21.856,A1,1,1051,-67.6,-102.4,-34.8,28.95,108,2750,3127,2619,21015,1335,501892106,1
2026-05-01T13:13:21.977,A1,1,1052,-68.1,-102.0,-34.0,37.75,96,3310,3624,3503,27841,1563,499145912,1
2026-05-01T13:13:22.098,A1,1,1053,-67.6,-103.0,-35.4,41.6,72,2720,2995,2398,21644,1354,679332240,1
2026-05-01T13:13:22.188,A1,1,1054,-67.5,-102.4,-35.0,33.58,96,2816,3224,2787,22737,1382,498082902,1
2026-05-01T13:13:22.277,A1,1,1055,-67.4,-102.9,-35.5,38.61,84,2601,3243,2402,22568,1372,462627450,1
2026-05-01T13:13:22.366,A1,1,1056,-67.7,-102.6,-34.9,39.34,96,2781,3777,3101,28250,1552,444995875,1
2026-05-01T13:13:22.487,A1,1,1057,-68.0,-102.3,-34.3,41.22,100,3222,4122,3958,35406,1757,436023846,1
2026-05-01T13:13:22.607,A1,1,1058,-67.6,-102.8,-35.2,46.37,92,3833,4266,2542,36910,1769,487081371,1
2026-05-01T13:13:22.728,A1,1,1059,-67.9,-102.2,-34.3,34.75,104,3161,3614,3865,30635,1626,762827843,1
2026-05-01T13:13:22.816,A1,1,1060,-67.8,-102.8,-35.0,35.15,124,4116,4359,2590,39348,1840,447246059,1
2026-05-01T13:13:22.907,A1,1,1061,-67.5,-102.9,-35.5,36.74,100,2726,3674,2410,26138,1482,421791645,1
2026-05-01T13:13:23.028,A1,1,1062,-67.6,-102.2,-34.6,31.68,120,2964,3802,3631,30080,1597,415113628,1
2026-05-01T13:13:23.118,A1,1,1063,-67.8,-102.9,-35.1,28.99,128,2521,3711,3871,33268,1694,486179435,1
2026-05-01T13:13:23.238,A1,1,1064,-68.1,-104.3,-36.2,29.47,96,1797,2829,2855,24898,1480,715787935,1
2026-05-01T13:13:23.358,A1,1,1065,-68.0,-103.6,-35.7,32.11,124,3128,3982,2423,35181,1750,412269109,1
2026-05-01T13:13:23.477,A1,1,1066,-67.9,-104.2,-36.3,28.65,124,2003,3553,3004,32769,1682,454749450,1
2026-05-01T13:13:23.567,A1,1,1067,-67.3,-103.8,-36.5,28.16,112,1537,3154,3574,30344,1587,492513067,1
2026-05-01T13:13:23.688,A1,1,1068,-66.9,-103.5,-36.6,31.69,100,1566,3169,3446,28462,1517,469130493,1
2026-05-01T13:13:23.776,A1,1,1069,-67.0,-103.7,-36.7,33.24,96,1918,3191,2760,25955,1451,437964625,1
2026-05-01T13:13:23.897,A1,1,1070,-67.7,-103.6,-35.9,30.16,96,3005,2895,1840,23651,1422,388045585,1
2026-05-01T13:13:23.986,A1,1,1071,-67.6,-104.4,-36.8,31.43,104,1979,3269,2815,30563,1611,430197399,1
2026-05-01T13:13:24.107,A1,1,1072,-68.9,-102.7,-33.8,35.64,88,3326,3136,2962,24818,1518,442127705,1
2026-05-01T13:13:24.227,A1,1,1073,-68.5,-98.6,-30.1,60.62,104,2928,6305,6059,28424,1600,455196106,1
2026-05-01T13:13:24.348,A1,1,1074,-68.9,-101.7,-32.8,43.37,128,2628,5551,4103,36750,1848,391520023,1
2026-05-01T13:13:24.467,A1,1,1075,-68.7,-101.1,-32.4,49.63,100,3506,4963,4706,34688,1781,738334135,1
2026-05-01T13:13:24.587,A1,1,1076,-69.1,-107.1,-37.9,20.86,88,1506,1836,2496,26850,1591,405917105,1
2026-05-01T13:13:24.736,A1,1,1077,-68.1,-103.9,-35.8,34.78,100,3336,3478,2189,33020,1703,454795865,1
2026-05-01T13:13:24.828,A1,1,1078,-67.5,-102.0,-34.5,42.7,92,3636,3928,3475,31966,1642,434446087,1
2026-05-01T13:13:24.918,A1,1,1079,-66.8,-101.9,-35.1,37.35,108,3532,4034,2924,30321,1560,744835062,1
2026-05-01T13:13:25.067,A1,1,1080,-67.7,-103.1,-35.4,35.3,100,2398,3530,2781,26059,1492,487596925,1
2026-05-01T13:13:25.126,A1,1,1081,-67.0,-105.1,-38.1,28.33,88,2262,2493,1618,23329,1376,426256211,1
2026-05-01T13:13:25.247,A1,1,1082,-66.6,-105.2,-38.6,26.01,100,1962,2601,1489,22572,1335,439662514,1
2026-05-01T13:13:25.338,A1,1,1083,-66.4,-105.6,-39.2,28.51,88,2341,2509,1443,26861,1449,414822563,1
2026-05-01T13:13:25.474,A1,1,1084,-67.2,-104.3,-37.1,29.13,104,1007,3030,3149,27554,1506,405305362,1
2026-05-01T13:13:25.578,A1,1,1085,-66.8,-103.3,-36.5,34.04,84,2750,2859,1877,21448,1313,486846064,1
2026-05-01T13:13:25.666,A1,1,1086,-67.6,-103.2,-35.7,37.99,84,1302,3191,3051,22054,1366,763930330,1
2026-05-01T13:13:25.787,A1,1,1087,-67.6,-102.4,-34.8,40.75,76,2443,3097,3303,22651,1384,396693271,1
2026-05-01T13:13:25.877,A1,1,1088,-66.7,-104.2,-37.5,28.26,96,1492,2713,3114,26647,1457,422052630,1
2026-05-01T13:13:25.996,A1,1,1089,-67.5,-101.7,-34.2,41.27,100,3224,4127,3093,27129,1511,392584573,1
2026-05-01T13:13:26.147,A1,1,1090,-67.2,-102.7,-35.6,43.67,84,3205,3668,2284,27723,1512,390465518,1
2026-05-01T13:13:26.239,A1,1,1091,-67.4,-104.1,-36.7,30.66,100,1537,3066,2694,24615,1435,464841674,1
2026-05-01T13:13:26.328,A1,1,1092,-67.6,-104.5,-37.0,32.38,92,2811,2979,1682,27557,1527,412493538,1
2026-05-01T13:13:26.447,A1,1,1093,-67.3,-101.4,-34.1,43.99,96,3105,4223,3097,25705,1461,417864567,1
2026-05-01T13:13:26.566,A1,1,1094,-68.1,-104.9,-36.8,36.52,84,1142,3068,2635,25875,1505,439641977,1
2026-05-01T13:13:26.657,A1,1,1095,-67.7,-105.6,-37.9,28.53,76,1652,2168,2464,24225,1438,406151654,1
2026-05-01T13:13:26.747,A1,1,1096,-67.9,-105.8,-37.9,24.82,76,1459,1886,2624,23278,1418,422145364,1
2026-05-01T13:13:26.867,A1,1,1097,-68.5,-106.6,-38.1,31.71,76,973,2410,2356,25999,1531,416018826,1
2026-05-01T13:13:26.956,A1,1,1098,-68.5,-105.0,-36.5,33.17,100,2000,3317,2372,30039,1647,418266470,1
2026-05-01T13:13:27.076,A1,1,1099,-68.0,-104.6,-36.6,39.12,76,1753,2973,2401,24498,1464,722293273,1
2026-05-01T13:13:27.166,A1,1,1100,-67.9,-102.2,-34.2,46.64,84,3186,3918,2434,25055,1475,422499488,1
2026-05-01T13:13:27.319,A1,1,1101,-68.1,-102.3,-34.3,41.7,92,2519,3836,2948,24326,1459,766112712,1
2026-05-01T13:13:27.378,A1,1,1102,-67.9,-102.1,-34.2,48.74,88,3045,4289,2946,28600,1575,746148618,1
2026-05-01T13:13:27.469,A1,1,1103,-67.9,-101.9,-34.0,44.92,96,3527,4312,2680,28468,1570,504800165,1
2026-05-01T13:13:27.616,A1,1,1104,-67.0,-104.4,-37.4,30.71,80,2491,2457,2288,24990,1426,494633745,1
2026-05-01T13:13:27.753,A1,1,1105,-68.4,-103.5,-35.1,30.26,112,2129,3389,3431,29333,1620,391349163,1
2026-05-01T13:13:27.826,A1,1,1106,-67.8,-103.4,-35.6,34.1,112,2524,3819,3085,32594,1675,435510279,1
2026-05-01T13:13:27.947,A1,1,1107,-67.3,-105.0,-37.7,26.94,96,1419,2586,2805,26290,1476,465439504,1
2026-05-01T13:13:28.067,A1,1,1108,-68.4,-104.8,-36.4,35.19,96,1444,3378,2910,30987,1668,448484604,1
2026-05-01T13:13:28.186,A1,1,1109,-67.8,-101.1,-33.4,43.25,100,2671,4325,3883,26111,1496,397973204,1
2026-05-01T13:13:28.246,A1,1,1110,-67.6,-101.1,-33.5,52.23,84,2626,4387,3838,26091,1489,433520106,1
2026-05-01T13:13:28.368,A1,1,1111,-68.1,-104.0,-35.9,31.76,112,1825,3557,3756,36250,1783,400168499,1
2026-05-01T13:13:28.457,A1,1,1112,-67.7,-107.2,-39.6,21.52,104,1145,2238,2404,31461,1637,487101122,1
2026-05-01T13:13:28.577,A1,1,1113,-67.0,-101.8,-34.8,50.31,84,4190,4226,2513,32332,1621,399685161,1
2026-05-01T13:13:28.707,A1,1,1114,-66.8,-104.1,-37.3,38.49,84,1583,3233,2746,27495,1486,469704017,1
2026-05-01T13:13:28.757,A1,1,1115,-67.0,-106.3,-39.3,26.64,80,1693,2131,1859,23912,1396,404341250,1
2026-05-01T13:13:28.877,A1,1,1116,-67.6,-101.4,-33.8,42.09,100,3719,4209,3437,29607,1586,435486551,1
2026-05-01T13:13:28.967,A1,1,1117,-67.8,-104.4,-36.6,24.34,104,1899,2531,3122,26608,1513,392357482,1
2026-05-01T13:13:29.116,A1,1,1118,-68.1,-102.9,-34.9,47.24,84,3032,3968,2483,29317,1603,752977649,1
2026-05-01T13:13:29.206,A1,1,1119,-67.7,-104.1,-36.4,32.87,92,2495,3024,1914,23926,1429,714880121,1
2026-05-01T13:13:29.296,A1,1,1120,-66.8,-103.2,-36.3,33.46,92,3155,3078,2207,26382,1457,419359299,1
2026-05-01T13:13:29.417,A1,1,1121,-67.3,-102.0,-34.7,32.88,84,4023,2762,1634,21402,1333,456784093,1
2026-05-01T13:13:29.568,A1,1,1122,-67.7,-98.3,-30.7,65.5,92,6060,6026,4907,32580,1667,422407327,1
2026-05-01T13:13:29.656,A1,1,1123,-68.0,-100.4,-32.4,51.29,96,4312,4924,3980,30986,1641,516117863,1
2026-05-01T13:13:29.746,A1,1,1124,-67.0,-101.8,-34.8,47.99,80,3252,3839,2828,25872,1452,407075041,1
2026-05-01T13:13:37.908,A1,1,1125,-67.5,-106.9,-39.4,23.26,100,1485,2326,1670,25337,1459,446680571,1
2026-05-01T13:13:38.027,A1,1,1126,-68.0,-107.9,-40.0,20.1,124,658,2492,2215,34704,1737,717661888,1
2026-05-01T13:13:38.116,A1,1,1127,-66.8,-108.1,-41.3,25.56,80,1270,2045,1677,29135,1531,399564468,1
2026-05-01T13:13:38.266,A1,1,1128,-67.3,-107.6,-40.2,25.95,88,1109,2284,1997,30029,1581,725720301,1
2026-05-01T13:13:38.327,A1,1,1129,-67.5,-108.0,-40.5,22.07,88,1080,1942,2179,30762,1610,426480582,1
2026-05-01T13:13:38.446,A1,1,1130,-67.8,-104.9,-37.1,35.53,80,1556,2842,2665,26818,1519,466010205,1
2026-05-01T13:13:38.568,A1,1,1131,-67.7,-104.3,-36.6,29.1,88,510,2561,3448,24751,1452,460392541,1
2026-05-01T13:13:38.688,A1,1,1132,-67.5,-105.5,-38.1,31.74,88,2106,2793,1835,27884,1532,582760539,1
2026-05-01T13:13:38.779,A1,1,1133,-67.6,-102.9,-35.3,38.78,88,2674,3413,2850,25888,1481,502329502,1
2026-05-01T13:13:38.898,A1,1,1134,-67.7,-104.0,-36.3,31.7,116,2767,3677,2817,36222,1760,741612989,1
2026-05-01T13:13:38.988,A1,1,1135,-67.8,-104.0,-36.2,38.76,96,2651,3721,2301,31993,1656,484345223,1
2026-05-01T13:13:39.078,A1,1,1136,-67.4,-104.0,-36.6,34.42,104,2621,3580,2140,30713,1603,419613650,1
2026-05-01T13:13:39.199,A1,1,1137,-68.0,-103.2,-35.2,33.2,104,3621,3453,2044,29537,1606,430465484,1
2026-05-01T13:13:39.317,A1,1,1138,-68.4,-103.1,-34.6,43.08,92,3545,3963,3528,38648,1864,457156216,1
2026-05-01T13:13:39.438,A1,1,1139,-67.6,-104.7,-37.1,28.34,100,2852,2834,1640,27773,1534,396319428,1
2026-05-01T13:13:39.559,A1,1,1140,-67.4,-105.2,-37.9,31.5,96,2476,3024,1972,32203,1641,740354190,1
2026-05-01T13:13:39.647,A1,1,1141,-67.5,-104.7,-37.3,32.4,100,2467,3240,2963,37558,1777,423938231,1
2026-05-01T13:13:39.767,A1,1,1142,-67.9,-105.9,-38.0,28.91,100,2081,2891,1736,29383,1594,460125868,1
2026-05-01T13:13:39.889,A1,1,1143,-67.5,-105.2,-37.7,27.85,84,2269,2339,2235,25567,1467,448984494,1
2026-05-01T13:13:40.007,A1,1,1144,-67.8,-105.1,-37.3,29.49,112,2582,3303,2256,35721,1755,458658450,1
2026-05-01T13:13:40.126,A1,1,1145,-68.0,-104.2,-36.2,32.62,104,3137,3392,2631,35988,1770,395556791,1
2026-05-01T13:13:40.216,A1,1,1146,-67.6,-104.1,-36.5,31.79,100,3156,3179,2086,31047,1622,401658637,1
2026-05-01T13:13:40.337,A1,1,1147,-68.1,-102.7,-34.6,30.64,124,4217,3799,3501,39916,1875,442090172,1
2026-05-01T13:13:40.457,A1,1,1148,-68.5,-103.0,-34.5,31.97,124,3568,3964,3154,35989,1803,439567725,1
2026-05-01T13:13:40.576,A1,1,1149,-68.0,-102.1,-34.1,35.52,104,3303,3694,3405,28235,1570,403792304,1
2026-05-01T13:13:40.667,A1,1,1150,-67.8,-101.9,-34.1,46.25,84,3411,3885,2944,26664,1514,547213880,1
2026-05-01T13:13:40.787,A1,1,1151,-67.7,-101.9,-34.2,44.49,88,3661,3915,3575,31502,1643,502896762,1
2026-05-01T13:13:40.906,A1,1,1152,-68.2,-102.3,-34.1,44.24,92,3282,4070,3518,31883,1677,494666847,1
2026-05-01T13:13:41.038,A1,1,1153,-67.8,-103.0,-35.2,35.69,100,3786,3569,2067,30275,1614,432679675,1
2026-05-01T13:13:41.117,A1,1,1154,-67.9,-102.3,-34.4,41.01,100,3388,4101,2886,30284,1620,410063133,1
2026-05-01T13:13:41.206,A1,1,1155,-68.0,-102.5,-34.5,44.51,88,3737,3917,2462,30098,1618,741566642,1
2026-05-01T13:13:41.326,A1,1,1156,-67.9,-102.3,-34.4,40.31,104,3537,4192,2932,31964,1663,419547557,1
2026-05-01T13:13:41.448,A1,1,1157,-68.2,-102.1,-34.0,39.55,112,3190,4430,4061,36067,1784,464700173,1
2026-05-01T13:13:41.536,A1,1,1158,-68.0,-102.0,-34.0,38.99,104,3566,4055,2877,28642,1579,410926524,1
2026-05-01T13:13:41.626,A1,1,1159,-68.2,-102.4,-34.2,47.94,84,3117,4027,3436,31197,1660,438538151,1
2026-05-01T13:13:41.747,A1,1,1160,-67.4,-103.4,-35.9,33.1,88,2762,2913,3185,28658,1551,421269373,1
2026-05-01T13:13:41.866,A1,1,1161,-68.7,-104.2,-35.4,35.13,100,2481,3513,2220,28128,1607,385679955,1
2026-05-01T13:13:41.958,A1,1,1162,-68.9,-105.4,-36.5,28.37,116,2247,3291,2747,36589,1843,437080955,1
2026-05-01T13:13:42.048,A1,1,1163,-69.0,-102.3,-33.2,36.6,112,2050,4099,4727,32882,1755,468218426,1
2026-05-01T13:13:42.198,A1,1,1164,-70.2,-104.6,-34.4,43.23,88,2792,3804,2620,34634,1873,455101005,1
2026-05-01T13:13:42.286,A1,1,1165,-68.8,-103.4,-34.7,38.71,104,2126,4026,3125,30667,1680,465417961,1
2026-05-01T13:13:42.406,A1,1,1166,-69.1,-106.4,-37.4,31.0,84,821,2604,2545,27463,1606,496333305,1
2026-05-01T13:13:42.526,A1,1,1167,-68.9,-103.5,-34.6,39.12,100,2607,3912,3439,34447,1786,452680049,1
2026-05-01T13:13:42.647,A1,1,1168,-68.8,-101.1,-32.3,43.73,108,3824,4723,4161,31916,1717,522509070,1
2026-05-01T13:13:42.796,A1,1,1169,-69.0,-101.6,-32.6,41.2,108,2643,4450,5069,33776,1777,425490017,1
2026-05-01T13:13:42.886,A1,1,1170,-68.2,-102.4,-34.2,50.78,80,2322,4062,3230,26566,1534,401395944,1
2026-05-01T13:13:42.977,A1,1,1171,-68.1,-104.9,-36.8,33.23,96,834,3190,3482,33996,1728,397425868,1
2026-05-01T13:13:43.065,A1,1,1172,-68.3,-105.3,-37.0,31.28,124,2360,3879,2501,42959,1954,437533356,1
2026-05-01T13:13:43.248,A1,1,1173,-69.8,-104.5,-34.8,31.56,128,3002,4040,2785,40064,1986,432721943,1
2026-05-01T13:13:43.336,A1,1,1174,-68.8,-105.4,-36.6,35.02,96,2596,3362,2139,35918,1818,405327118,1
2026-05-01T13:13:43.427,A1,1,1175,-67.9,-103.8,-35.9,33.99,100,2217,3399,3242,31406,1649,424128796,1
2026-05-01T13:13:43.546,A1,1,1176,-68.1,-106.4,-38.3,18.88,96,1324,1812,2786,26641,1532,745463548,1
2026-05-01T13:13:43.636,A1,1,1177,-67.9,-105.5,-37.6,32.29,96,1987,3100,2306,32709,1684,403225124,1
2026-05-01T13:13:43.726,A1,1,1178,-67.9,-106.5,-38.7,29.48,84,1825,2476,1561,26019,1499,425745187,1
2026-05-01T13:13:43.846,A1,1,1179,-68.1,-107.1,-39.0,23.6,104,976,2454,3012,39293,1859,414053257,1
2026-05-01T13:13:43.937,A1,1,1180,-67.5,-104.1,-36.6,29.56,108,2713,3193,1846,26831,1501,438254093,1
2026-05-01T13:13:44.057,A1,1,1181,-68.1,-105.2,-37.1,27.37,112,2503,3065,1918,30650,1638,396514450,1
2026-05-01T13:13:44.178,A1,1,1182,-68.3,-103.4,-35.1,35.34,96,1850,3393,3858,30880,1657,414467180,1
2026-05-01T13:13:44.295,A1,1,1183,-67.3,-102.0,-34.7,40.64,88,2645,3576,2703,21668,1340,482189927,1
2026-05-01T13:13:44.416,A1,1,1184,-68.2,-103.0,-34.8,33.09,92,2756,3044,2873,23711,1446,450853371,1
2026-05-01T13:13:44.537,A1,1,1185,-68.7,-103.7,-35.0,33.43,92,3341,3076,3115,32468,1724,438446387,1
2026-05-01T13:13:44.628,A1,1,1186,-68.0,-103.2,-35.2,33.42,132,3341,4412,3213,40846,1886,618628154,1
2026-05-01T13:13:44.718,A1,1,1187,-67.0,-101.8,-34.8,33.06,108,4107,3570,2322,27409,1495,420191097,1
2026-05-01T13:13:44.866,A1,1,1188,-67.1,-101.9,-34.8,41.89,88,3061,3686,4126,31777,1614,431346829,1
2026-05-01T13:13:44.956,A1,1,1189,-68.2,-104.9,-36.7,41.89,80,1489,3351,2817,31248,1661,466118722,1
2026-05-01T13:13:45.076,A1,1,1190,-67.3,-100.9,-33.6,49.38,80,3110,3950,3576,23793,1407,445948218,1
2026-05-01T13:13:45.167,A1,1,1191,-67.0,-104.2,-37.2,26.11,88,1146,2298,3177,22598,1355,447183675,1
2026-05-01T13:13:45.317,A1,1,1192,-67.9,-105.7,-37.8,35.41,76,1566,2691,2179,26280,1509,462519542,1
2026-05-01T13:13:45.436,A1,1,1193,-68.1,-105.4,-37.3,27.72,100,1501,2772,2726,28778,1592,402749302,1
2026-05-01T13:13:45.527,A1,1,1194,-68.0,-105.9,-37.9,28.08,92,1372,2583,2056,23995,1448,466430381,1
2026-05-01T13:13:45.617,A1,1,1195,-68.2,-103.6,-35.5,38.47,76,1893,2924,2493,20210,1335,423782828,1
2026-05-01T13:13:45.738,A1,1,1196,-67.6,-103.3,-35.7,35.4,88,2233,3115,2641,23128,1402,397516779,1
2026-05-01T13:13:45.827,A1,1,1197,-67.6,-104.2,-36.5,39.92,84,1938,3353,2410,26796,1509,397212847,1
2026-05-01T13:13:45.916,A1,1,1198,-67.5,-103.2,-35.7,32.02,84,1407,2690,3081,19605,1287,434999010,1
2026-05-01T13:13:46.036,A1,1,1199,-68.1,-104.7,-36.6,27.98,96,2368,2686,2823,29532,1613,449876311,1
2026-05-01T13:13:46.156,A1,1,1200,-67.8,-102.5,-34.7,40.8,80,3016,3264,2378,21964,1375,452985191,1
2026-05-01T13:13:46.278,A1,1,1201,-67.7,-103.5,-35.8,42.16,76,1732,3204,2270,20326,1319,400682580,1
2026-05-01T13:13:46.396,A1,1,1202,-67.8,-103.1,-35.2,42.38,76,2875,3221,1944,22119,1381,454823950,1
2026-05-01T13:13:46.516,A1,1,1203,-67.7,-104.1,-36.5,22.74,76,3246,1728,2297,23988,1429,438942596,1
2026-05-01T13:13:46.635,A1,1,1204,-67.8,-106.5,-38.7,23.98,88,1811,2110,1235,20038,1312,411452631,1
2026-05-01T13:13:46.786,A1,1,1205,-67.8,-104.8,-37.0,30.05,84,1587,2524,2871,25438,1481,479272850,1
2026-05-01T13:13:46.876,A1,1,1206,-67.7,-102.8,-35.1,38.32,76,3198,2912,2146,22010,1372,426117655,1
2026-05-01T13:13:46.965,A1,1,1207,-66.7,-102.2,-35.5,38.69,84,1257,3250,3335,20141,1266,465534732,1
2026-05-01T13:13:47.116,A1,1,1208,-67.9,-106.1,-38.2,28.46,80,1700,2277,1403,19658,1303,716945964,1
