timestamp,device,anchor_id,seq,distance_m,rx_power,fp_power,fp_rx_ratio,quality,round_trip,reply_delay,nlos_suspect
2026-02-19T21:40:07.170,T1,1,19,1.74,-70.6,-88.7,-18.0,309.71,609263258,609262515,True
2026-02-19T21:40:08.159,T1,1,21,2.064,-72.4,-85.8,-13.4,507.0,349899002,349898121,True
2026-02-19T21:40:08.671,T1,1,22,1.468,-70.9,-80.3,-9.5,446.38,668687973,668687347,True
2026-02-19T21:40:09.211,T1,1,23,1.768,-70.4,-81.5,-11.1,426.58,668214142,668213387,True
2026-02-19T21:40:09.749,T1,1,24,1.989,-70.0,-81.3,-11.3,265.2,456435777,456434929,True
2026-02-19T21:40:10.169,T1,1,25,2.42,-68.8,-79.6,-10.8,284.8,412024209,412023176,True
2026-02-19T21:40:10.712,T1,1,26,1.881,-70.1,-80.2,-10.2,387.56,535183454,535182651,True
2026-02-19T21:40:11.670,T1,1,28,1.754,-72.2,-82.7,-10.5,351.46,607086252,607085504,True
2026-02-19T21:40:12.210,T1,1,29,1.928,-70.7,-81.0,-10.2,368.13,519416851,519416028,True
2026-02-19T21:40:13.771,T1,1,32,2.331,-inf,-78.1,inf,253.01,480874911,480873916,False
2026-02-19T21:40:14.189,T1,1,33,2.223,-70.0,-81.5,-11.5,270.5,346771732,346770783,True
2026-02-19T21:40:14.670,T1,1,34,2.284,-70.3,-82.1,-11.8,309.0,544954761,544953787,True
2026-02-19T21:40:15.210,T1,1,35,1.989,-66.6,-78.1,-11.6,378.86,523785577,523784729,True
2026-02-19T21:40:15.689,T1,1,36,2.28,-66.8,-77.9,-11.2,333.9,346903436,346902463,True
2026-02-19T21:40:16.709,T1,1,38,2.247,-67.7,-80.2,-12.5,234.65,383147749,383146791,True
2026-02-19T21:40:17.189,T1,1,39,1.979,-67.2,-78.7,-11.5,247.61,670503181,670502337,True
2026-02-19T21:40:17.669,T1,1,40,2.242,-66.7,-79.6,-12.8,347.19,554347751,554346794,True
2026-02-19T21:40:18.209,T1,1,41,1.853,-66.6,-78.6,-12.0,278.88,677571017,677570227,True
2026-02-19T21:40:18.689,T1,1,42,2.214,-68.1,-79.7,-11.6,322.08,459359418,459358473,True
2026-02-19T21:40:19.169,T1,1,43,2.209,-67.1,-78.6,-11.5,370.54,456780809,456779866,True
2026-02-19T21:40:20.189,T1,1,45,1.989,-66.3,-79.0,-12.7,305.43,673735217,673734368,True
2026-02-19T21:40:20.728,T1,1,46,2.495,-64.0,-76.6,-12.6,232.49,477200326,477199261,True
2026-02-19T21:40:21.211,T1,1,47,2.101,-67.2,-79.7,-12.5,366.85,556454768,556453871,True
2026-02-19T21:40:21.689,T1,1,48,2.373,-64.7,-78.1,-13.4,355.62,397994981,397993969,True
2026-02-19T21:40:22.709,T1,1,50,2.364,-67.4,-79.0,-11.6,300.17,346940748,346939739,True
2026-02-19T21:40:23.189,T1,1,51,2.716,-69.6,-80.1,-10.4,409.22,359426485,359425327,True
2026-02-19T21:40:23.729,T1,1,52,2.406,-67.2,-77.8,-10.6,303.86,663958575,663957548,True
2026-02-19T21:40:24.688,T1,1,54,2.073,-67.5,-78.0,-10.5,246.44,656868470,656867586,True
2026-02-19T21:40:25.228,T1,1,55,2.237,-66.6,-79.3,-12.7,299.8,515852968,515852013,True
2026-02-19T21:40:25.708,T1,1,56,2.505,-68.8,-79.8,-10.9,341.73,668274094,668273026,True
2026-02-19T21:40:26.248,T1,1,57,2.552,-64.5,-76.7,-12.1,390.41,535744351,535743262,True
2026-02-19T21:40:26.727,T1,1,58,2.491,-66.4,-80.2,-13.9,378.5,393602054,393600991,True
2026-02-19T21:40:27.687,T1,1,60,2.786,-66.5,-81.5,-15.0,408.9,549782363,549781175,True
2026-02-19T21:40:28.228,T1,1,61,2.481,-67.5,-78.5,-11.0,371.69,357261480,357260421,True
2026-02-19T21:40:28.707,T1,1,62,2.552,-66.7,-79.6,-12.9,358.79,680096194,680095106,True
2026-02-19T21:40:29.247,T1,1,63,2.575,-67.9,-79.1,-11.2,392.05,474703759,474702660,True
2026-02-19T21:40:29.728,T1,1,64,2.491,-66.7,-80.4,-13.8,324.67,360337659,360336597,True
2026-02-19T21:40:31.237,T1,1,67,2.458,-66.8,-80.8,-14.0,361.08,538855237,538854189,True
2026-02-19T21:40:31.707,T1,1,68,2.467,-66.9,-79.9,-13.0,434.58,382994893,382993840,True
2026-02-19T21:40:32.727,T1,1,70,2.509,-67.5,-81.4,-13.9,351.35,552857114,552856043,True
2026-02-19T21:40:33.747,T1,1,72,2.5,-68.5,-80.0,-11.6,353.56,353401183,353400117,True
2026-02-19T21:40:34.227,T1,1,73,2.19,-66.4,-77.9,-11.5,370.19,588169427,588168492,True
2026-02-19T21:40:34.707,T1,1,74,2.425,-68.1,-79.1,-10.9,299.52,392685084,392684050,True
2026-02-19T21:40:35.248,T1,1,75,2.462,-67.9,-80.0,-12.2,371.98,348066417,348065366,True
2026-02-19T21:40:35.726,T1,1,76,2.416,-65.6,-80.9,-15.3,284.02,411573993,411572963,True
2026-02-19T21:40:36.206,T1,1,77,2.42,-68.5,-80.1,-11.7,422.95,484114726,484113694,True
2026-02-19T21:40:36.746,T1,1,78,2.34,-70.6,-85.7,-15.2,308.63,662137995,662136996,True
2026-02-19T21:40:37.287,T1,1,79,2.566,-69.8,-83.4,-13.6,279.28,350001602,350000507,True
2026-02-19T21:40:37.707,T1,1,80,2.486,-64.9,-77.4,-12.5,396.16,543272544,543271483,True
2026-02-19T21:40:38.248,T1,1,81,2.547,-66.2,-79.3,-13.1,283.67,474544730,474543643,True
2026-02-19T21:40:38.726,T1,1,82,2.87,-65.9,-78.8,-12.9,386.88,535796072,535794847,True
2026-02-19T21:40:39.207,T1,1,83,2.992,-65.6,-78.3,-12.7,446.73,677410035,677408758,True
2026-02-19T21:40:39.746,T1,1,84,2.608,-66.5,-78.5,-12.0,464.95,454852908,454851795,True
2026-02-19T21:40:40.226,T1,1,85,2.622,-68.6,-82.3,-13.8,431.57,457582458,457581339,True
2026-02-19T21:40:40.706,T1,1,86,3.03,-68.1,-81.9,-13.8,343.33,545535115,545533822,True
2026-02-19T21:40:41.246,T1,1,87,2.678,-66.9,-80.1,-13.2,445.2,408149821,408148679,True
2026-02-19T21:40:41.726,T1,1,88,2.739,-66.5,-78.2,-11.7,415.35,444201206,444200038,True
2026-02-19T21:40:42.205,T1,1,89,2.678,-68.9,-80.7,-11.8,391.34,509765390,509764248,True
2026-02-19T21:40:44.725,T1,1,94,2.941,-72.5,-86.5,-14.0,323.11,346508821,346507567,True
2026-02-19T21:40:45.745,T1,1,96,2.622,-65.7,-82.7,-16.9,398.85,354951270,354950152,True
2026-02-19T21:40:46.225,T1,1,97,2.43,-65.9,-76.9,-11.0,342.04,424145526,424144489,True
2026-02-19T21:40:46.765,T1,1,98,2.453,-64.6,-77.5,-12.9,329.02,413320584,413319537,True
2026-02-19T21:40:48.265,T1,1,101,2.561,-70.7,-85.3,-14.6,422.95,361357788,361356695,True
2026-02-19T21:40:48.746,T1,1,102,2.448,-70.8,-82.1,-11.3,370.96,575443770,575442725,True
2026-02-19T21:40:49.225,T1,1,103,2.519,-73.8,-85.8,-12.0,297.14,346669277,346668203,True
2026-02-19T21:40:49.767,T1,1,104,2.655,-65.0,-78.0,-13.0,363.23,388675326,388674193,True
2026-02-19T21:40:50.726,T1,1,106,2.552,-67.0,-78.5,-11.6,345.58,381726236,381725147,True
2026-02-19T21:40:51.266,T1,1,107,2.467,-66.1,-78.9,-12.8,396.61,610157190,610156137,True
2026-02-19T21:40:51.745,T1,1,108,3.11,-70.0,-81.5,-11.5,396.68,483003286,483001960,True
2026-02-19T21:40:52.765,T1,1,110,2.575,-66.5,-81.1,-14.6,340.35,344956489,344955390,True
2026-02-19T21:40:53.784,T1,1,112,2.617,-74.9,-91.0,-16.2,265.3,539407585,539406468,True
2026-02-19T21:40:54.264,T1,1,113,2.645,-78.2,-94.4,-16.2,177.21,676126168,676125039,True
2026-02-19T21:40:54.744,T1,1,114,2.72,-75.5,-92.3,-16.8,233.09,475234846,475233685,True
2026-02-19T21:40:55.284,T1,1,115,2.556,-72.1,-93.7,-21.6,143.18,676644890,676643799,True
2026-02-19T21:40:56.244,T1,1,117,2.828,-75.0,-94.1,-19.1,242.9,671229499,671228293,True
2026-02-19T21:40:56.787,T1,1,118,2.814,-73.3,-92.5,-19.3,173.3,612585560,612584360,True
2026-02-19T21:40:57.264,T1,1,119,2.57,-73.6,-93.7,-20.1,118.75,482476573,482475477,True
2026-02-19T21:40:57.743,T1,1,120,2.917,-74.6,-92.6,-18.0,240.84,671950502,671949257,True
2026-02-19T21:40:58.284,T1,1,121,2.664,-74.6,-93.0,-18.5,244.39,681033928,681032792,True
2026-02-19T21:40:59.245,T1,1,123,2.636,-73.1,-90.5,-17.4,260.89,644712165,644711041,True
2026-02-19T21:40:59.784,T1,1,124,2.875,-74.9,-92.0,-17.1,260.36,482088011,482086784,True
2026-02-19T21:41:00.264,T1,1,125,2.889,-74.6,-91.8,-17.2,270.69,555236396,555235164,True
2026-02-19T21:41:01.284,T1,1,127,2.603,-74.5,-92.8,-18.3,179.17,546785892,546784782,True
2026-02-19T21:41:02.246,T1,1,129,2.613,-74.7,-92.0,-17.3,243.5,605987342,605986227,True
2026-02-19T21:41:03.263,T1,1,131,2.636,-72.7,-90.9,-18.2,291.25,523939353,523938229,True
2026-02-19T21:41:03.743,T1,1,132,2.946,-73.3,-91.7,-18.4,151.54,538554203,538552947,True
2026-02-19T21:41:04.223,T1,1,133,3.035,-73.7,-90.4,-16.7,308.25,612085962,612084668,True
2026-02-19T21:41:05.244,T1,1,135,2.57,-74.0,-90.6,-16.6,242.2,665672026,665670930,True
2026-02-19T21:41:05.783,T1,1,136,3.175,-74.9,-90.3,-15.5,237.54,482425392,482424038,True
2026-02-19T21:41:06.263,T1,1,137,2.739,-74.2,-90.7,-16.5,273.09,393961530,393960361,True
2026-02-19T21:41:06.742,T1,1,138,2.725,-72.6,-90.8,-18.2,273.93,348093619,348092457,True
2026-02-19T21:41:07.763,T1,1,140,2.688,-74.2,-90.3,-16.0,348.62,677700435,677699289,True
2026-02-19T21:41:08.783,T1,1,142,2.636,-77.1,-90.3,-13.3,301.98,586603434,586602309,True
2026-02-19T21:41:10.283,T1,1,145,2.5,-75.6,-89.7,-14.1,343.77,587033962,587032896,True
2026-02-19T21:41:10.763,T1,1,146,2.547,-75.6,-89.6,-14.0,299.23,651013999,651012912,True
2026-02-19T21:41:11.243,T1,1,147,2.87,-75.8,-89.7,-14.0,287.1,540445858,540444633,True
2026-02-19T21:41:11.782,T1,1,148,2.659,-75.7,-90.5,-14.8,241.23,353931874,353930740,True
2026-02-19T21:41:12.263,T1,1,149,2.791,-70.8,-88.3,-17.5,364.44,352245617,352244426,True
2026-02-19T21:41:12.743,T1,1,150,3.086,-72.8,-89.8,-17.0,279.88,547334305,547332988,True
2026-02-19T21:41:13.282,T1,1,151,3.269,-72.9,-89.3,-16.4,315.57,622148307,622146912,True
2026-02-19T21:41:13.762,T1,1,152,2.889,-73.2,-89.5,-16.2,352.3,674706347,674705115,True
2026-02-19T21:41:14.242,T1,1,153,2.706,-76.8,-90.9,-14.1,390.23,466866631,466865476,True
2026-02-19T21:41:14.782,T1,1,154,3.344,-80.4,-92.6,-12.2,186.21,481441644,481440218,True
2026-02-19T21:41:15.261,T1,1,155,2.814,-76.4,-90.9,-14.5,286.75,543184899,543183698,True
2026-02-19T21:41:15.802,T1,1,156,2.734,-76.2,-91.1,-14.9,264.63,348831858,348830692,True
2026-02-19T21:41:17.301,T1,1,159,3.007,-77.3,-90.9,-13.6,226.13,556493661,556492378,True
2026-02-19T21:41:17.781,T1,1,160,2.87,-78.7,-91.4,-12.7,312.35,606283768,606282544,True
2026-02-19T21:41:18.801,T1,1,162,2.894,-78.8,-92.1,-13.2,235.91,666443759,666442524,True
2026-02-19T21:41:19.282,T1,1,163,2.673,-77.8,-90.8,-13.0,280.23,454630879,454629739,True
2026-02-19T21:41:19.761,T1,1,164,2.777,-74.6,-89.9,-15.3,392.62,354949417,354948233,True
2026-02-19T21:41:20.301,T1,1,165,2.758,-76.4,-91.1,-14.8,300.86,389229309,389228132,True
2026-02-19T21:41:20.782,T1,1,166,2.791,-76.4,-90.4,-14.0,328.13,453779780,453778589,True
2026-02-19T21:41:21.261,T1,1,167,2.772,-76.7,-90.5,-13.9,340.12,356806170,356804987,True
2026-02-19T21:41:23.301,T1,1,171,3.049,-75.8,-90.3,-14.5,376.2,666666221,666664921,True
2026-02-19T21:41:23.780,T1,1,172,2.706,-77.3,-90.6,-13.3,360.85,607831709,607830554,True
2026-02-19T21:41:24.321,T1,1,173,3.161,-77.0,-91.2,-14.2,356.05,546445140,546443792,True
2026-02-19T21:41:25.280,T1,1,175,2.744,-77.0,-91.4,-14.4,214.55,394638079,394636909,True
2026-02-19T21:41:26.781,T1,1,178,2.523,-77.5,-95.4,-18.0,195.23,665075523,665074447,True
2026-02-19T21:41:27.260,T1,1,179,2.706,-69.2,-82.6,-13.5,420.25,354745286,354744131,True
2026-02-19T21:41:27.800,T1,1,180,2.772,-70.5,-81.6,-11.0,328.75,572893859,572892677,True
2026-02-19T21:41:28.281,T1,1,181,3.25,-70.5,-80.3,-9.9,364.58,475149158,475147771,True
2026-02-19T21:41:28.764,T1,1,182,2.8,-67.1,-78.6,-11.4,535.53,409681345,409680150,True
2026-02-19T21:41:29.780,T1,1,184,2.73,-69.0,-79.2,-10.3,438.91,489378318,489377154,True
2026-02-19T21:41:30.260,T1,1,185,2.81,-66.5,-75.8,-9.4,386.5,429250451,429249253,True
2026-02-19T21:41:31.280,T1,1,187,2.805,-68.9,-77.5,-8.6,338.9,475924964,475923767,True
2026-02-19T21:41:31.760,T1,1,188,2.899,-67.5,-76.2,-8.8,349.5,475931790,475930554,True
2026-02-19T21:41:32.300,T1,1,189,3.166,-76.4,-88.8,-12.4,324.1,665772990,665771639,True
2026-02-19T21:41:33.800,T1,1,192,2.913,-75.5,-91.2,-15.7,267.62,346067492,346066249,True
2026-02-19T21:41:34.280,T1,1,193,2.73,-73.6,-90.6,-17.0,201.5,352615408,352614244,True
2026-02-19T21:41:35.779,T1,1,196,2.65,-76.1,-91.4,-15.3,291.8,557873788,557872657,True
2026-02-19T21:41:36.809,T1,1,198,3.091,-77.3,-90.1,-12.8,286.9,552381094,552379775,True
2026-02-19T21:41:37.280,T1,1,199,2.767,-75.9,-90.5,-14.6,288.07,676731807,676730627,True
2026-02-19T21:41:38.779,T1,1,202,2.613,-76.5,-90.1,-13.6,349.23,526996662,526995548,True
2026-02-19T21:41:39.319,T1,1,203,2.678,-77.3,-90.3,-13.0,339.94,585649232,585648090,True
2026-02-19T21:41:40.878,T1,1,206,2.584,-74.8,-89.6,-14.8,317.35,347899903,347898800,True
2026-02-19T21:41:41.778,T1,1,208,2.547,-78.9,-89.6,-10.7,292.29,385528994,385527907,True
2026-02-19T21:41:42.318,T1,1,209,2.547,-77.5,-90.3,-12.8,352.81,353507205,353506119,True
2026-02-19T21:41:42.798,T1,1,210,2.627,-77.2,-90.5,-13.3,268.18,362176427,362175307,True
2026-02-19T21:41:43.278,T1,1,211,2.889,-82.2,-91.7,-9.5,223.89,352438830,352437597,True
2026-02-19T21:41:43.819,T1,1,212,2.903,-78.0,-91.0,-13.0,309.25,542623792,542622554,True
2026-02-19T21:41:44.297,T1,1,213,2.673,-75.0,-89.5,-14.5,410.92,345659460,345658319,True
2026-02-19T21:41:44.778,T1,1,214,2.734,-77.7,-90.9,-13.2,313.25,493907799,493906632,True
2026-02-19T21:41:45.317,T1,1,215,3.007,-80.3,-91.5,-11.2,259.94,363955660,363954377,True
2026-02-19T21:41:45.797,T1,1,216,2.842,-77.2,-90.9,-13.7,317.23,639990678,639989465,True
2026-02-19T21:41:46.818,T1,1,218,3.175,-77.4,-90.5,-13.1,316.46,548742979,548741624,True
2026-02-19T21:41:47.298,T1,1,219,2.795,-75.9,-89.5,-13.7,385.66,354905450,354904257,True
2026-02-19T21:41:48.317,T1,1,221,2.814,-76.3,-90.0,-13.7,325.23,557354503,557353302,True
2026-02-19T21:41:48.797,T1,1,222,2.894,-75.9,-89.7,-13.8,370.36,664081617,664080382,True
2026-02-19T21:41:49.817,T1,1,224,2.688,-76.8,-90.7,-13.9,304.37,363694531,363693385,True
2026-02-19T21:41:50.839,T1,1,226,2.777,-77.5,-91.2,-13.7,147.38,676533487,676532302,True
2026-02-19T21:41:51.318,T1,1,227,2.786,-76.7,-90.9,-14.2,361.57,545535750,545534561,True
2026-02-19T21:41:51.799,T1,1,228,2.908,-76.8,-90.2,-13.4,363.98,669004139,669002898,True
2026-02-19T21:41:52.338,T1,1,229,2.828,-76.6,-90.0,-13.4,423.6,466081676,466080470,True
2026-02-19T21:41:52.817,T1,1,230,2.866,-76.8,-89.7,-12.9,244.69,478552689,478551467,True
2026-02-19T21:41:53.297,T1,1,231,2.856,-75.7,-89.1,-13.3,349.68,363664325,363663106,True
2026-02-19T21:41:53.850,T1,1,232,3.485,-75.9,-88.9,-13.0,281.52,614424384,614422898,True
2026-02-19T21:41:54.316,T1,1,233,3.086,-77.2,-89.7,-12.5,378.27,675677096,675675779,True
2026-02-19T21:41:55.336,T1,1,235,2.842,-75.1,-89.6,-14.5,256.9,399367483,399366270,True
2026-02-19T21:41:55.817,T1,1,236,3.082,-73.9,-89.7,-15.8,239.35,673274186,673272872,True
2026-02-19T21:41:56.836,T1,1,238,2.781,-77.3,-90.8,-13.5,410.1,355883173,355881986,True
2026-02-19T21:41:57.318,T1,1,239,2.913,-75.4,-89.5,-14.0,361.95,509969996,509968753,True
2026-02-19T21:41:58.336,T1,1,241,2.744,-77.2,-90.6,-13.4,274.71,352105983,352104813,True
2026-02-19T21:41:59.314,T1,1,243,3.34,-80.1,-90.9,-10.8,246.25,485837304,485835880,True
2026-02-19T21:41:59.837,T1,1,244,2.842,-76.7,-89.7,-13.1,388.67,384774920,384773708,True
2026-02-19T21:42:00.316,T1,1,245,3.035,-76.8,-89.9,-13.1,287.17,681221498,681220204,True
2026-02-19T21:42:00.856,T1,1,246,3.255,-76.0,-90.8,-14.8,369.62,547547949,547546561,True
2026-02-19T21:42:01.817,T1,1,248,2.96,-73.0,-88.5,-15.5,386.73,517545376,517544114,True
2026-02-19T21:42:02.296,T1,1,249,2.913,-69.6,-83.5,-13.9,370.79,345856523,345855280,True
2026-02-19T21:42:03.317,T1,1,251,3.415,-69.2,-77.8,-8.7,421.05,477623390,477621933,True
2026-02-19T21:42:03.795,T1,1,252,2.922,-69.9,-78.8,-8.9,377.25,391635788,391634541,True
2026-02-19T21:42:04.395,T1,1,253,3.147,-70.5,-79.5,-8.9,376.04,648454730,648453388,True
2026-02-19T21:42:04.816,T1,1,254,3.429,-68.1,-76.4,-8.2,461.19,618549373,618547910,True
2026-02-19T21:42:05.296,T1,1,255,3.537,-68.0,-76.8,-8.7,522.69,493900470,493898962,True
2026-02-19T21:42:05.836,T1,1,256,3.189,-76.9,-89.9,-13.0,330.85,605887843,605886482,True
2026-02-19T21:42:06.315,T1,1,257,2.955,-74.8,-88.9,-14.1,418.09,357218359,357217098,True
2026-02-19T21:42:06.795,T1,1,258,3.415,-74.8,-88.5,-13.7,375.18,477144598,477143141,True
2026-02-19T21:42:07.336,T1,1,259,3.537,-75.2,-89.7,-14.5,265.25,672369490,672367981,True
2026-02-19T21:42:07.816,T1,1,260,3.368,-76.0,-89.7,-13.6,426.92,680351702,680350266,True
2026-02-19T21:42:08.415,T1,1,261,2.992,-75.9,-89.7,-13.8,352.11,359714064,359712788,True
2026-02-19T21:42:08.835,T1,1,262,3.26,-77.0,-90.3,-13.3,406.92,557579130,557577740,True
2026-02-19T21:42:09.855,T1,1,264,3.246,-75.4,-89.0,-13.6,387.41,584373163,584371779,True
2026-02-19T21:42:10.335,T1,1,265,3.283,-71.6,-88.6,-17.0,335.09,530391094,530389693,True
2026-02-19T21:42:10.815,T1,1,266,3.424,-74.2,-89.0,-14.9,345.32,667398081,667396621,True
2026-02-19T21:42:11.355,T1,1,267,3.457,-74.5,-89.1,-14.6,393.45,669174190,669172716,True
2026-02-19T21:42:12.315,T1,1,269,3.415,-75.3,-88.9,-13.6,409.77,418482244,418480788,True
2026-02-19T21:42:12.854,T1,1,270,3.527,-74.4,-89.1,-14.7,330.36,614973316,614971811,True
2026-02-19T21:42:13.817,T1,1,272,3.11,-74.7,-88.9,-14.2,324.23,404273307,404271981,True
2026-02-19T21:42:15.374,T1,1,275,3.246,-74.4,-89.5,-15.2,356.77,679694961,679693577,True
2026-02-19T21:42:15.854,T1,1,276,3.321,-72.4,-88.8,-16.4,366.36,660640339,660638923,True
2026-02-19T21:42:16.334,T1,1,277,3.372,-72.4,-88.2,-15.8,349.16,601174734,601173295,True
2026-02-19T21:42:16.815,T1,1,278,3.213,-76.6,-90.1,-13.5,344.61,540913651,540912280,True
2026-02-19T21:42:17.355,T1,1,279,3.396,-72.4,-86.7,-14.3,372.02,661886030,661884582,True
2026-02-19T21:42:17.834,T1,1,280,3.386,-78.3,-89.4,-11.1,352.75,412509787,412508343,True
2026-02-19T21:42:18.314,T1,1,281,3.222,-76.4,-89.3,-12.8,375.61,345951750,345950376,True
2026-02-19T21:42:18.854,T1,1,282,4.015,-76.8,-89.3,-12.6,412.95,561020429,561018717,True
2026-02-19T21:42:19.333,T1,1,283,3.649,-77.3,-88.8,-11.5,445.3,675451094,675449538,True
2026-02-19T21:42:19.874,T1,1,284,3.762,-77.6,-88.8,-11.2,338.73,611792291,611790687,True
2026-02-19T21:42:20.834,T1,1,286,3.466,-78.7,-90.2,-11.6,269.75,612596640,612595161,True
2026-02-19T21:42:21.314,T1,1,287,3.518,-79.8,-90.2,-10.4,287.44,367348884,367347384,True
2026-02-19T21:42:22.334,T1,1,289,3.799,-78.5,-89.1,-10.7,338.42,672040920,672039300,True
2026-02-19T21:42:22.873,T1,1,290,3.18,-77.8,-89.6,-11.8,330.5,349071186,349069829,True
2026-02-19T21:42:23.353,T1,1,291,3.218,-77.4,-89.3,-11.9,372.89,408622388,408621016,True
2026-02-19T21:42:23.834,T1,1,292,3.518,-79.5,-89.4,-9.9,390.66,360590240,360588740,True
2026-02-19T21:42:24.912,T1,1,294,3.325,-78.1,-89.3,-11.2,410.77,490422939,490421521,True
2026-02-19T21:42:25.333,T1,1,295,3.574,-77.7,-88.9,-11.2,342.4,667880789,667879264,True
2026-02-19T21:42:25.874,T1,1,296,3.255,-78.2,-90.0,-11.7,353.52,422002789,422001400,True
2026-02-19T21:42:26.354,T1,1,297,3.161,-77.6,-89.6,-12.0,322.23,350149196,350147847,True
2026-02-19T21:42:27.373,T1,1,299,3.175,-76.5,-89.1,-12.5,385.62,343925205,343923851,True
2026-02-19T21:42:27.912,T1,1,300,3.33,-76.7,-89.2,-12.5,365.09,460907969,460906548,True
2026-02-19T21:42:28.873,T1,1,302,3.433,-78.1,-89.3,-11.2,346.56,417467937,417466473,True
2026-02-19T21:42:29.357,T1,1,303,3.443,-80.0,-89.9,-9.9,302.66,354424318,354422849,True
2026-02-19T21:42:29.833,T1,1,304,3.499,-76.7,-88.8,-12.1,391.18,579792761,579791268,True
2026-02-19T21:42:31.332,T1,1,307,3.325,-78.2,-90.0,-11.8,301.94,583476474,583475055,True
2026-02-19T21:42:31.932,T1,1,308,3.466,-80.0,-89.7,-9.7,281.57,352770730,352769252,True
2026-02-19T21:42:33.372,T1,1,311,3.082,-75.2,-90.1,-14.8,269.56,346837730,346836415,True
2026-02-19T21:42:35.351,T1,1,315,3.499,-72.3,-84.6,-12.3,433.44,610454554,610453061,True
2026-02-19T21:42:35.832,T1,1,316,3.565,-70.4,-80.7,-10.2,278.03,417100509,417098988,True
2026-02-19T21:42:36.852,T1,1,318,3.537,-70.4,-78.2,-7.8,345.82,416978961,416977453,True
2026-02-19T21:42:37.872,T1,1,320,3.537,-65.0,-75.1,-10.1,381.09,558118732,558117223,True
2026-02-19T21:42:38.352,T1,1,321,3.213,-65.5,-79.1,-13.7,350.31,513349029,513347659,True
2026-02-19T21:42:38.891,T1,1,322,3.213,-66.0,-77.0,-10.9,324.62,462354326,462352956,True
2026-02-19T21:42:39.371,T1,1,323,3.466,-69.8,-80.7,-10.9,343.5,359319299,359317821,True
2026-02-19T21:42:39.852,T1,1,324,3.264,-64.9,-76.8,-11.9,312.25,455679474,455678081,True
2026-02-19T21:42:40.391,T1,1,325,3.926,-65.3,-74.7,-9.3,389.75,556037072,556035398,True
2026-02-19T21:42:40.871,T1,1,326,3.738,-65.2,-74.2,-9.0,532.03,430346517,430344923,True
2026-02-19T21:42:41.891,T1,1,328,3.424,-70.5,-88.8,-18.3,231.14,586832627,586831167,True
2026-02-19T21:42:43.391,T1,1,331,3.401,-73.0,-91.7,-18.7,236.68,483347903,483346452,True
2026-02-19T21:42:43.870,T1,1,332,3.457,-72.4,-90.8,-18.4,280.17,483687194,483685719,True
2026-02-19T21:42:45.371,T1,1,335,3.321,-75.3,-89.8,-14.5,299.57,547113820,547112404,True
2026-02-19T21:42:45.850,T1,1,336,3.1,-75.3,-90.1,-14.8,275.08,384134953,384133630,True
2026-02-19T21:42:46.391,T1,1,337,3.56,-77.0,-92.7,-15.7,87.4,677215135,677213617,True
2026-02-19T21:42:47.890,T1,1,340,3.415,-74.2,-87.9,-13.7,352.29,590914658,590913202,True
2026-02-19T21:42:48.430,T1,1,341,3.03,-77.5,-89.3,-11.8,414.25,350372576,350371283,True
2026-02-19T21:42:48.851,T1,1,342,3.189,-76.1,-87.9,-11.8,320.77,343789867,343788506,True
2026-02-19T21:42:49.390,T1,1,343,3.33,-62.4,-73.6,-11.2,492.17,463867792,463866371,True
2026-02-19T21:42:50.350,T1,1,345,3.161,-66.4,-83.5,-17.1,442.17,352465059,352463711,True
2026-02-19T21:42:50.890,T1,1,346,3.236,-69.4,-85.8,-16.4,496.78,449092662,449091281,True
2026-02-19T21:42:51.429,T1,1,347,3.443,-66.2,-80.0,-13.8,417.98,582254055,582252586,True
2026-02-19T21:42:51.850,T1,1,348,3.325,-62.7,-75.5,-12.8,426.58,459973846,459972428,True
2026-02-19T21:42:52.389,T1,1,349,3.855,-65.5,-80.8,-15.3,376.06,495073041,495071397,True
2026-02-19T21:42:52.869,T1,1,350,3.673,-71.8,-89.0,-17.2,336.44,583817195,583815629,True
2026-02-19T21:42:53.409,T1,1,351,3.574,-71.9,-88.6,-16.8,373.3,413246817,413245292,True
2026-02-19T21:42:53.890,T1,1,352,3.283,-67.0,-75.8,-8.8,381.04,346521303,346519903,True
2026-02-19T21:42:54.369,T1,1,353,3.926,-73.6,-90.8,-17.2,217.78,671498554,671496879,True
2026-02-19T21:42:54.910,T1,1,354,3.25,-69.2,-81.1,-11.9,417.35,347634198,347632811,True
2026-02-19T21:42:55.450,T1,1,355,3.56,-63.0,-77.3,-14.3,470.25,355073740,355072222,True
2026-02-19T21:42:55.869,T1,1,356,4.048,-76.3,-89.4,-13.1,470.65,415831929,415830202,True
2026-02-19T21:42:56.409,T1,1,357,3.837,-82.8,-93.2,-10.4,213.28,518210428,518208792,True
2026-02-19T21:42:56.890,T1,1,358,3.846,-79.5,-93.1,-13.5,255.0,354641059,354639418,True
2026-02-19T21:42:57.371,T1,1,359,4.301,-73.3,-88.3,-15.0,274.72,547570440,547568605,True
2026-02-19T21:42:57.909,T1,1,360,3.982,-73.2,-87.4,-14.3,392.59,514387244,514385545,True
2026-02-19T21:42:58.389,T1,1,361,4.217,-77.6,-89.7,-12.1,354.17,670599889,670598091,True
2026-02-19T21:42:58.869,T1,1,362,4.113,-81.1,-97.6,-16.5,116.93,647069379,647067624,True
2026-02-19T21:42:59.409,T1,1,363,3.734,-80.1,-96.4,-16.3,159.48,419662429,419660837,True
2026-02-19T21:42:59.889,T1,1,364,3.677,-82.3,-98.5,-16.1,126.18,391287947,391286378,True
2026-02-19T21:43:00.368,T1,1,365,4.32,-74.1,-84.5,-10.4,474.97,417046599,417044757,True
2026-02-19T21:43:00.908,T1,1,366,4.442,-72.3,-86.3,-14.0,350.55,670667095,670665200,True
2026-02-19T21:43:01.388,T1,1,367,4.587,-70.3,-82.6,-12.3,395.75,674300601,674298645,True
2026-02-19T21:43:01.868,T1,1,368,4.128,-72.2,-80.7,-8.4,311.48,482852004,482850244,True
2026-02-19T21:43:02.408,T1,1,369,4.376,-71.4,-82.8,-11.3,296.7,667439126,667437260,True
2026-02-19T21:43:02.889,T1,1,370,4.39,-71.2,-81.7,-10.5,411.7,678197953,678196080,True
2026-02-19T21:43:03.368,T1,1,371,4.507,-71.6,-78.6,-7.1,462.8,613593642,613591719,True
2026-02-19T21:43:03.909,T1,1,372,3.968,-71.6,-79.1,-7.6,412.0,485096103,485094410,True
2026-02-19T21:43:05.408,T1,1,375,3.602,-71.9,-79.5,-7.7,465.42,351079246,351077710,True
2026-02-19T21:43:05.902,T1,1,376,4.31,-71.7,-79.6,-7.9,450.9,542851846,542850008,True
2026-02-19T21:43:06.368,T1,1,377,3.668,-72.3,-80.0,-7.8,461.52,348423916,348422351,True
2026-02-19T21:43:07.868,T1,1,380,3.658,-72.4,-81.0,-8.6,435.98,348260950,348259389,True
2026-02-19T21:43:08.408,T1,1,381,4.329,-72.1,-83.7,-11.6,426.77,491598524,491596677,True
2026-02-19T21:43:08.888,T1,1,382,4.493,-68.9,-80.1,-11.2,552.47,674896390,674894473,True
2026-02-19T21:43:09.431,T1,1,383,4.249,-71.5,-80.8,-9.3,457.73,679960308,679958496,True
2026-02-19T21:43:09.908,T1,1,384,3.715,-72.3,-82.3,-10.0,359.18,398428858,398427274,True
2026-02-19T21:43:10.388,T1,1,385,3.696,-72.6,-82.7,-10.1,391.38,361117448,361115872,True
2026-02-19T21:43:10.867,T1,1,386,3.804,-72.3,-80.3,-8.1,428.73,384172415,384170792,True
2026-02-19T21:43:11.408,T1,1,387,4.16,-71.8,-80.3,-8.5,478.42,584278907,584277133,True
2026-02-19T21:43:11.947,T1,1,388,3.973,-72.7,-81.2,-8.5,356.08,462091674,462089980,True
2026-02-19T21:43:12.427,T1,1,389,4.292,-70.0,-77.5,-7.6,466.94,577243000,577241170,True
2026-02-19T21:43:12.907,T1,1,390,4.179,-66.2,-77.7,-11.5,392.2,525889953,525888170,True
2026-02-19T21:43:13.388,T1,1,391,4.681,-67.0,-79.5,-12.5,434.59,678572108,678570112,True
2026-02-19T21:43:13.927,T1,1,392,3.771,-67.3,-77.2,-9.9,400.98,359928157,359926548,True
2026-02-19T21:43:14.407,T1,1,393,4.484,-67.4,-77.4,-10.0,450.25,545805658,545803746,True
2026-02-19T21:43:15.426,T1,1,395,3.794,-69.2,-76.9,-7.7,393.18,361613866,361612248,True
2026-02-19T21:43:15.907,T1,1,396,3.916,-70.4,-79.3,-8.8,287.42,426286416,426284745,True
2026-02-19T21:43:16.389,T1,1,397,4.165,-69.9,-77.6,-7.7,478.94,355304277,355302500,True
2026-02-19T21:43:16.927,T1,1,398,4.188,-69.8,-78.0,-8.2,395.2,554304375,554302588,True
2026-02-19T21:43:17.407,T1,1,399,4.367,-69.8,-78.5,-8.8,411.2,484369541,484367678,True
2026-02-19T21:43:17.887,T1,1,400,4.057,-69.5,-78.3,-8.9,434.45,491250527,491248796,True
2026-02-19T21:43:18.366,T1,1,401,3.734,-68.9,-77.6,-8.6,375.11,349274512,349272919,True
2026-02-19T21:43:19.387,T1,1,403,3.71,-69.6,-78.1,-8.5,429.62,344330603,344329021,True
2026-02-19T21:43:19.947,T1,1,404,4.193,-68.4,-76.5,-8.1,403.45,540927481,540925692,True
2026-02-19T21:43:20.407,T1,1,405,4.099,-91.1,-92.9,-1.8,114.12,359638636,359636887,False
2026-02-19T21:43:20.886,T1,1,406,3.851,-67.4,-76.6,-9.3,405.77,356867496,356865854,True
2026-02-19T21:43:21.907,T1,1,408,3.715,-67.7,-77.5,-9.8,339.77,352914958,352913373,True
2026-02-19T21:43:22.927,T1,1,410,3.649,-67.4,-79.3,-11.9,368.62,347224846,347223289,True
2026-02-19T21:43:23.406,T1,1,411,3.64,-68.8,-77.7,-9.0,409.82,345819101,345817548,True
2026-02-19T21:43:23.886,T1,1,412,4.104,-69.5,-78.7,-9.2,465.35,555854304,555852553,True
2026-02-19T21:43:24.426,T1,1,413,4.587,-69.2,-79.2,-10.0,442.08,552180708,552178752,True
2026-02-19T21:43:24.906,T1,1,414,3.762,-69.2,-77.0,-7.9,458.31,353440602,353438997,True
2026-02-19T21:43:25.387,T1,1,415,4.55,-69.5,-81.0,-11.5,404.44,546255153,546253212,True
2026-02-19T21:43:26.406,T1,1,417,4.423,-67.2,-78.2,-11.0,396.93,667249453,667247567,True
2026-02-19T21:43:26.886,T1,1,418,4.686,-80.0,-94.4,-14.4,208.8,605182475,605180476,True
2026-02-19T21:43:27.425,T1,1,419,3.902,-72.0,-83.6,-11.6,419.52,356154591,356152926,True
2026-02-19T21:43:27.905,T1,1,420,4.249,-78.5,-88.0,-9.5,386.87,621189137,621187324,True
2026-02-19T21:43:28.386,T1,1,421,4.428,-72.5,-82.0,-9.5,456.78,636489414,636487525,True
2026-02-19T21:43:29.405,T1,1,423,3.945,-77.1,-85.8,-8.7,494.14,414539279,414537597,True
2026-02-19T21:43:29.885,T1,1,424,4.362,-69.0,-82.6,-13.6,385.57,483585267,483583407,True
2026-02-19T21:43:30.425,T1,1,425,4.024,-71.1,-79.3,-8.3,526.72,549243953,549242236,True
2026-02-19T21:43:31.385,T1,1,427,3.433,-75.5,-92.1,-16.6,21.02,344374962,344373498,True
2026-02-19T21:43:31.924,T1,1,428,3.734,-71.0,-88.3,-17.3,401.57,344136236,344134644,True
2026-02-19T21:43:32.885,T1,1,430,3.396,-77.9,-89.8,-11.9,106.2,351198821,351197373,True
2026-02-19T21:43:33.425,T1,1,431,3.916,-73.0,-89.2,-16.2,350.2,427126073,427124402,True
2026-02-19T21:43:33.904,T1,1,432,3.574,-62.9,-75.9,-13.0,314.75,358669270,358667746,True
2026-02-19T21:43:34.385,T1,1,433,3.809,-61.5,-74.1,-12.6,399.98,519484002,519482377,True
2026-02-19T21:43:34.924,T1,1,434,3.49,-67.5,-89.8,-22.3,329.44,386251338,386249849,True
2026-02-19T21:43:35.464,T1,1,435,3.855,-70.8,-88.5,-17.7,388.94,543024710,543023065,True
2026-02-19T21:43:35.959,T1,1,436,3.804,-83.8,-89.1,-5.3,371.02,399684791,399683169,False
2026-02-19T21:43:37.444,T1,1,439,3.794,-76.5,-81.7,-5.2,370.9,357392919,357391300,False
2026-02-19T21:43:38.463,T1,1,441,4.62,-80.0,-92.9,-12.9,218.39,680924009,680922039,True
2026-02-19T21:43:39.904,T1,1,444,4.203,-77.4,-92.4,-15.0,255.11,641515417,641513624,True
2026-02-19T21:43:40.473,T1,1,445,3.518,-77.5,-93.1,-15.5,168.19,361474716,361473216,True
2026-02-19T21:43:40.924,T1,1,446,4.381,-73.4,-88.7,-15.3,334.2,587124961,587123093,True
2026-02-19T21:43:41.405,T1,1,447,3.79,-74.1,-86.4,-12.3,403.9,343342208,343340591,True
2026-02-19T21:43:41.944,T1,1,448,3.884,-73.4,-86.0,-12.5,365.23,352892291,352890634,True
2026-02-19T21:43:42.483,T1,1,449,4.198,-73.4,-88.3,-14.9,325.11,527537336,527535545,True
2026-02-19T21:43:43.443,T1,1,451,4.09,-73.7,-87.9,-14.1,365.23,463158837,463157093,True
2026-02-19T21:43:44.463,T1,1,453,3.799,-75.3,-87.7,-12.4,343.27,355777944,355776324,True
2026-02-19T21:47:30.823,T1,1,55,1.52,-64.4,-88.8,-24.5,170.06,412960421,412959772,True
2026-02-19T21:47:31.239,T1,1,56,1.06,-65.0,-94.8,-29.8,149.02,670956742,670956290,True
2026-02-19T21:47:32.799,T1,1,59,1.9,-70.6,-91.9,-21.3,216.12,347102330,347101519,True
2026-02-19T21:47:33.219,T1,1,60,1.773,-69.9,-94.1,-24.1,128.65,348830210,348829453,True
2026-02-19T21:47:33.759,T1,1,61,1.693,-73.0,-98.5,-25.6,20.44,353885378,353884656,True
2026-02-19T21:47:35.739,T1,1,65,2.031,-71.3,-88.5,-17.1,285.33,343561916,343561050,True
2026-02-19T21:47:36.219,T1,1,66,1.904,-71.1,-89.5,-18.4,281.04,511694347,511693535,True
2026-02-19T21:47:36.759,T1,1,67,1.993,-67.2,-92.1,-24.9,155.08,500331157,500330307,True
2026-02-19T21:47:37.718,T1,1,69,2.111,-72.4,-87.0,-14.6,356.58,357526904,357526004,True
2026-02-19T21:47:38.741,T1,1,71,2.022,-71.7,-88.9,-17.2,223.14,355999222,355998360,True
2026-02-19T21:47:39.219,T1,1,72,2.059,-68.9,-88.6,-19.7,243.99,359716195,359715317,True
2026-02-19T21:47:39.758,T1,1,73,2.439,-69.6,-82.9,-13.3,338.28,354192417,354191376,True
2026-02-19T21:47:40.239,T1,1,74,2.134,-67.4,-84.3,-16.9,269.78,349446817,349445907,True
2026-02-19T21:47:40.778,T1,1,75,1.801,-66.1,-89.9,-23.8,229.63,679627022,679626254,True
2026-02-19T21:47:41.258,T1,1,76,2.298,-66.6,-88.1,-21.5,289.79,362647353,362646372,True
2026-02-19T21:47:41.738,T1,1,77,2.326,-66.6,-85.5,-18.9,296.77,346348749,346347756,True
2026-02-19T21:47:42.278,T1,1,78,2.566,-67.7,-83.6,-15.9,266.94,570639823,570638728,True
2026-02-19T21:47:42.757,T1,1,79,1.961,-68.3,-84.9,-16.7,272.91,671168639,671167803,True
2026-02-19T21:47:43.238,T1,1,80,2.65,-81.7,-91.3,-9.5,140.5,379776300,379775169,True
2026-02-19T21:47:44.738,T1,1,83,1.979,-67.8,-87.3,-19.4,299.15,610833373,610832528,True
2026-02-19T21:47:45.278,T1,1,84,2.139,-67.5,-86.0,-18.5,334.69,540760864,540759951,True
2026-02-19T21:47:46.237,T1,1,86,2.167,-68.2,-88.3,-20.1,269.02,422832232,422831308,True
2026-02-19T21:47:46.778,T1,1,87,2.453,-67.8,-88.8,-21.0,175.25,620869556,620868510,True
2026-02-19T21:47:47.258,T1,1,88,2.153,-67.5,-88.0,-20.5,304.02,609103031,609102112,True
2026-02-19T21:47:47.738,T1,1,89,2.589,-63.4,-82.4,-19.0,272.91,629573579,629572475,True
2026-02-19T21:47:48.278,T1,1,90,2.655,-66.4,-83.3,-16.9,289.25,627767703,627766570,True
2026-02-19T21:47:48.758,T1,1,91,2.453,-67.2,-88.4,-21.2,249.04,390447826,390446780,True
2026-02-19T21:47:49.238,T1,1,92,2.566,-67.4,-88.6,-21.2,309.95,571376292,571375198,True
2026-02-19T21:47:49.777,T1,1,93,2.42,-68.1,-88.5,-20.4,305.98,343525221,343524189,True
2026-02-19T21:47:50.739,T1,1,95,2.19,-66.9,-87.0,-20.2,310.65,662817904,662816969,True
2026-02-19T21:47:51.278,T1,1,96,2.673,-67.4,-84.6,-17.2,344.35,547410628,547409487,True
2026-02-19T21:47:52.237,T1,1,98,2.27,-62.9,-83.3,-20.4,343.96,666537376,666536408,True
2026-02-19T21:47:53.258,T1,1,100,2.392,-67.7,-86.3,-18.6,293.27,359668106,359667085,True
2026-02-19T21:47:54.277,T1,1,102,2.355,-67.1,-82.7,-15.6,378.06,507208875,507207870,True
2026-02-19T21:47:55.237,T1,1,104,2.322,-65.8,-82.6,-16.8,338.88,601347683,601346693,True
2026-02-19T21:47:56.259,T1,1,106,2.331,-65.5,-83.2,-17.7,282.42,608909905,608908910,True
2026-02-19T21:47:56.737,T1,1,107,2.453,-66.4,-84.0,-17.6,321.94,350644104,350643057,True
2026-02-19T21:47:57.277,T1,1,108,2.383,-65.7,-82.5,-16.8,312.98,667761336,667760319,True
2026-02-19T21:47:57.757,T1,1,109,2.467,-66.6,-84.8,-18.2,333.62,607673233,607672180,True
2026-02-19T21:47:58.237,T1,1,110,2.505,-67.0,-84.3,-17.4,320.95,550747506,550746438,True
2026-02-19T21:47:59.257,T1,1,112,2.753,-65.8,-82.0,-16.2,455.45,669227138,669225964,True
2026-02-19T21:47:59.737,T1,1,113,2.566,-66.9,-82.1,-15.2,407.43,349575377,349574282,True
2026-02-19T21:48:00.277,T1,1,114,2.65,-66.4,-84.3,-17.9,352.29,407932903,407931773,True
2026-02-19T21:48:00.757,T1,1,115,2.627,-66.2,-84.0,-17.8,249.96,472739381,472738261,True
2026-02-19T21:48:01.237,T1,1,116,2.894,-65.8,-81.0,-15.1,446.3,577913475,577912241,True
2026-02-19T21:48:01.776,T1,1,117,2.664,-66.2,-82.4,-16.1,387.9,359767387,359766250,True
2026-02-19T21:48:02.736,T1,1,119,2.622,-65.7,-83.4,-17.7,398.5,682558892,682557774,True
2026-02-19T21:48:04.236,T1,1,122,2.575,-62.3,-79.9,-17.6,275.22,537328936,537327838,True
2026-02-19T21:48:05.256,T1,1,124,2.603,-66.5,-84.2,-17.7,348.41,407847756,407846645,True
2026-02-19T21:48:06.277,T1,1,126,2.627,-67.4,-85.0,-17.6,444.7,546163758,546162638,True
2026-02-19T21:48:06.756,T1,1,127,2.683,-65.7,-83.1,-17.4,303.38,359802345,359801201,True
2026-02-19T21:48:07.296,T1,1,128,2.683,-66.6,-84.2,-17.7,388.0,488670536,488669392,True
2026-02-19T21:48:07.776,T1,1,129,2.641,-67.7,-88.5,-20.8,252.72,543381604,543380478,True
2026-02-19T21:48:08.317,T1,1,130,2.631,-67.4,-88.6,-21.1,343.29,470434040,470432917,True
2026-02-19T21:48:08.796,T1,1,131,2.697,-65.8,-88.3,-22.5,230.32,348182010,348180860,True
2026-02-19T21:48:09.756,T1,1,133,2.711,-65.8,-80.4,-14.6,350.6,672866545,672865388,True
2026-02-19T21:48:10.296,T1,1,134,3.194,-70.6,-92.2,-21.6,240.38,679818852,679817489,True
2026-02-19T21:48:11.256,T1,1,136,2.669,-70.4,-90.6,-20.2,177.81,351485221,351484083,True
2026-02-19T21:48:12.275,T1,1,138,2.65,-69.5,-91.3,-21.8,288.33,678010938,678009807,True
2026-02-19T21:48:12.756,T1,1,139,2.72,-68.5,-89.3,-20.9,227.19,362888393,362887233,True
2026-02-19T21:48:13.295,T1,1,140,2.683,-69.1,-90.5,-21.4,186.12,505259133,505257989,True
2026-02-19T21:48:13.775,T1,1,141,3.1,-67.3,-89.8,-22.5,256.25,627250657,627249334,True
2026-02-19T21:48:14.267,T1,1,142,2.819,-68.7,-88.3,-19.6,251.05,457622528,457621325,True
2026-02-19T21:48:14.795,T1,1,143,2.702,-68.7,-90.0,-21.3,242.5,351092865,351091712,True
2026-02-19T21:48:15.276,T1,1,144,2.786,-68.3,-89.1,-20.8,215.17,343288648,343287460,True
2026-02-19T21:48:15.756,T1,1,145,3.053,-68.7,-91.3,-22.6,282.9,510963063,510961760,True
2026-02-19T21:48:16.298,T1,1,146,3.396,-68.7,-88.8,-20.0,241.0,675554059,675552611,True
2026-02-19T21:48:16.776,T1,1,147,2.795,-69.0,-91.3,-22.3,258.25,344772840,344771648,True
2026-02-19T21:48:17.315,T1,1,148,3.124,-66.5,-81.9,-15.4,305.65,673552332,673551000,True
2026-02-19T21:48:18.334,T1,1,150,3.48,-69.6,-89.3,-19.8,248.85,501799187,501797702,True
2026-02-19T21:48:18.755,T1,1,151,3.382,-66.9,-85.9,-19.0,278.0,446523654,446522212,True
2026-02-19T21:48:19.775,T1,1,153,3.471,-68.4,-88.3,-19.9,353.95,638381989,638380508,True
2026-02-19T21:48:20.255,T1,1,154,3.114,-67.9,-86.1,-18.2,316.98,660318671,660317342,True
2026-02-19T21:48:20.795,T1,1,155,2.992,-68.7,-89.0,-20.3,285.25,479037221,479035945,True
2026-02-19T21:48:21.275,T1,1,156,3.635,-68.0,-88.1,-20.1,382.18,629211642,629210091,True
2026-02-19T21:48:21.815,T1,1,157,3.147,-68.4,-88.6,-20.2,347.41,556795435,556794093,True
2026-02-19T21:48:22.775,T1,1,159,3.077,-65.4,-90.5,-25.1,223.44,677612519,677611207,True
2026-02-19T21:48:23.315,T1,1,160,3.396,-70.5,-91.8,-21.3,234.85,444710480,444709031,True
2026-02-19T21:48:23.795,T1,1,161,3.344,-71.2,-89.7,-18.4,295.73,442218196,442216770,True
2026-02-19T21:48:24.275,T1,1,162,2.899,-69.3,-87.5,-18.2,289.91,348856139,348854903,True
2026-02-19T21:48:24.814,T1,1,163,3.25,-67.4,-82.9,-15.5,387.16,667204390,667203004,True
2026-02-19T21:48:25.295,T1,1,164,3.269,-66.8,-80.4,-13.7,309.52,663553677,663552283,True
2026-02-19T21:48:25.774,T1,1,165,3.41,-67.1,-80.4,-13.2,331.77,564967996,564966542,True
2026-02-19T21:48:26.314,T1,1,166,3.316,-67.1,-79.0,-11.9,319.15,375045196,375043782,True
2026-02-19T21:48:27.274,T1,1,168,2.908,-67.6,-80.7,-13.1,422.25,350759490,350758249,True
2026-02-19T21:48:28.834,T1,1,171,3.077,-63.7,-76.6,-12.9,286.32,666375250,666373937,True
2026-02-19T21:48:29.316,T1,1,172,3.03,-66.3,-79.3,-13.0,288.62,542218663,542217371,True
2026-02-19T21:48:31.295,T1,1,176,2.903,-71.6,-90.3,-18.7,283.17,419075631,419074392,True
2026-02-19T21:48:32.014,T1,1,177,2.87,-70.7,-84.2,-13.4,357.23,418888116,418886891,True
2026-02-19T21:48:32.313,T1,1,178,3.358,-68.5,-79.6,-11.1,373.23,683310548,683309116,True
2026-02-19T21:48:33.333,T1,1,180,2.955,-67.6,-78.3,-10.7,336.04,484609251,484607991,True
2026-02-19T21:48:34.293,T1,1,182,3.457,-68.4,-81.0,-12.6,278.31,519469471,519467997,True
2026-02-19T21:48:34.833,T1,1,183,3.358,-68.0,-80.3,-12.2,349.94,637534819,637533386,True
2026-02-19T21:48:35.314,T1,1,184,3.419,-67.7,-80.5,-12.8,429.83,629867350,629865892,True
2026-02-19T21:48:35.794,T1,1,185,3.349,-68.7,-81.0,-12.2,360.0,571221307,571219878,True
2026-02-19T21:48:36.333,T1,1,186,2.936,-68.1,-79.2,-11.1,325.23,359776950,359775697,True
2026-02-19T21:48:37.893,T1,1,189,3.443,-71.3,-83.5,-12.3,278.08,502291377,502289908,True
2026-02-19T21:48:38.313,T1,1,190,3.607,-64.7,-78.4,-13.6,356.4,681742461,681740923,True
2026-02-19T21:48:38.853,T1,1,191,3.424,-71.0,-81.5,-10.5,412.53,437478628,437477167,True
2026-02-19T21:48:39.333,T1,1,192,2.941,-67.5,-81.2,-13.6,394.39,358872670,358871415,True
2026-02-19T21:48:39.813,T1,1,193,3.443,-67.7,-82.8,-15.1,319.36,452953731,452952263,True
2026-02-19T21:48:40.833,T1,1,195,3.476,-68.3,-81.0,-12.7,299.72,506395436,506393953,True
2026-02-19T21:48:41.313,T1,1,196,3.105,-66.6,-80.0,-13.3,384.48,475576151,475574826,True
2026-02-19T21:48:41.793,T1,1,197,3.635,-66.7,-81.5,-14.8,329.04,672471689,672470138,True
2026-02-19T21:48:42.332,T1,1,198,3.208,-67.3,-83.5,-16.2,351.23,542492501,542491132,True
2026-02-19T21:48:42.813,T1,1,199,3.555,-66.9,-81.5,-14.6,430.75,565307595,565306079,True
2026-02-19T21:48:43.353,T1,1,200,3.105,-66.9,-80.7,-13.7,327.18,438826264,438824939,True
2026-02-19T21:48:44.313,T1,1,202,3.715,-67.0,-83.3,-16.3,323.95,666704204,666702620,True
2026-02-19T21:48:44.793,T1,1,203,3.429,-67.3,-81.6,-14.3,319.63,673980513,673979050,True
2026-02-19T21:48:45.334,T1,1,204,3.18,-67.2,-82.0,-14.8,340.02,483641532,483640176,True
2026-02-19T21:48:45.813,T1,1,205,3.082,-67.4,-80.8,-13.4,379.48,354253457,354252142,True
2026-02-19T21:48:46.292,T1,1,206,3.288,-67.4,-80.4,-13.0,394.4,553173701,553172298,True
2026-02-19T21:48:46.832,T1,1,207,3.921,-67.3,-79.9,-12.6,461.73,676036287,676034614,True
2026-02-19T21:48:47.315,T1,1,208,3.1,-68.5,-81.1,-12.7,386.8,351129917,351128594,True
2026-02-19T21:48:47.792,T1,1,209,3.926,-68.1,-80.6,-12.6,337.77,667190243,667188569,True
2026-02-19T21:48:48.332,T1,1,210,3.124,-70.3,-81.8,-11.5,455.72,345522376,345521044,True
2026-02-19T21:48:48.812,T1,1,211,3.358,-70.5,-83.6,-13.1,418.9,552457878,552456445,True
2026-02-19T21:48:49.292,T1,1,212,4.123,-70.0,-81.3,-11.3,473.0,675232558,675230799,True
2026-02-19T21:48:49.952,T1,1,213,3.302,-70.4,-80.2,-9.8,379.61,473672090,473670681,True
2026-02-19T21:48:50.312,T1,1,214,3.644,-68.2,-81.2,-12.9,332.44,682508263,682506708,True
2026-02-19T21:48:50.792,T1,1,215,3.593,-68.1,-78.7,-10.6,414.05,379307610,379306078,True
2026-02-19T21:48:51.332,T1,1,216,3.865,-67.1,-78.7,-11.6,411.89,564086475,564084827,True
2026-02-19T21:48:51.812,T1,1,217,3.968,-67.4,-79.7,-12.2,437.15,554853027,554851334,True
2026-02-19T21:48:52.352,T1,1,218,3.537,-66.8,-78.9,-12.0,360.54,549757208,549755700,True
2026-02-19T21:48:53.311,T1,1,220,3.443,-68.5,-79.4,-10.9,371.43,443511828,443510359,True
2026-02-19T21:48:53.912,T1,1,221,3.691,-67.2,-79.5,-12.3,421.8,674484444,674482869,True
2026-02-19T21:48:54.332,T1,1,222,3.565,-67.6,-80.2,-12.6,404.15,508295069,508293549,True
2026-02-19T21:48:54.811,T1,1,223,3.696,-67.1,-79.6,-12.5,405.8,666261205,666259629,True
2026-02-19T21:48:55.292,T1,1,224,3.204,-67.5,-79.3,-11.8,400.14,349861755,349860388,True
2026-02-19T21:48:56.011,T1,1,225,3.579,-68.1,-80.4,-12.4,470.97,521569728,521568202,True
2026-02-19T21:48:56.372,T1,1,226,3.687,-64.4,-77.8,-13.4,391.18,444676933,444675361,True
2026-02-19T21:48:56.852,T1,1,227,3.879,-68.3,-81.0,-12.7,431.3,671225152,671223498,True
2026-02-19T21:48:57.812,T1,1,229,3.87,-70.1,-81.8,-11.7,356.83,510028097,510026447,True
2026-02-19T21:48:58.351,T1,1,230,3.457,-68.7,-78.7,-10.1,402.23,496146508,496145034,True
2026-02-19T21:48:59.311,T1,1,232,3.175,-67.8,-80.6,-12.8,355.6,345244573,345243219,True
2026-02-19T21:48:59.851,T1,1,233,4.151,-68.4,-85.8,-17.4,307.16,676488018,676486247,True
2026-02-19T21:49:00.332,T1,1,234,3.401,-69.6,-89.5,-19.9,361.05,428146947,428145497,True
2026-02-19T21:49:00.812,T1,1,235,3.199,-70.8,-91.3,-20.6,207.73,357948632,357947268,True
2026-02-19T21:49:01.831,T1,1,237,3.874,-65.4,-80.9,-15.5,461.75,671572523,671570870,True
2026-02-19T21:49:02.313,T1,1,238,3.977,-68.3,-86.8,-18.6,300.14,675418434,675416737,True
2026-02-19T21:49:02.851,T1,1,239,4.006,-68.8,-91.0,-22.3,148.52,436035266,436033558,True
2026-02-19T21:49:03.332,T1,1,240,3.719,-73.9,-89.0,-15.1,214.21,348531680,348530093,True
2026-02-19T21:49:03.812,T1,1,241,4.118,-67.9,-86.5,-18.7,476.97,665570503,665568746,True
2026-02-19T21:49:04.351,T1,1,242,3.78,-70.0,-96.0,-25.9,105.73,671325435,671323823,True
2026-02-19T21:49:04.831,T1,1,243,3.855,-68.5,-92.1,-23.6,65.95,506702232,506700587,True
2026-02-19T21:49:05.311,T1,1,244,3.649,-90.1,-97.7,-7.6,20.17,374937991,374936434,True
2026-02-19T21:49:06.811,T1,1,247,3.096,-69.5,-93.7,-24.2,93.98,357733726,357732405,True
2026-02-19T21:49:07.351,T1,1,248,4.062,-69.5,-94.0,-24.5,152.44,681242524,681240791,True
2026-02-19T21:49:08.311,T1,1,250,3.227,-65.8,-90.9,-25.2,164.75,353197849,353196473,True
2026-02-19T21:49:08.850,T1,1,251,3.499,-67.7,-94.0,-26.3,64.83,536348383,536346890,True
2026-02-19T21:49:09.331,T1,1,252,3.874,-71.1,-93.6,-22.6,128.64,443825404,443823752,True
2026-02-19T21:49:09.810,T1,1,253,3.766,-68.9,-94.4,-25.4,163.79,607482549,607480942,True
2026-02-19T21:49:10.352,T1,1,254,3.87,-69.1,-93.8,-24.7,164.15,662614503,662612852,True
2026-02-19T21:49:10.831,T1,1,255,3.396,-70.3,-93.1,-22.7,102.05,375228573,375227125,True
2026-02-19T21:49:11.311,T1,1,256,3.931,-94.4,-102.8,-8.5,43.0,445768045,445766369,True
2026-02-19T21:49:11.850,T1,1,257,3.372,-68.5,-93.0,-24.5,127.45,352050402,352048963,True
2026-02-19T21:49:12.810,T1,1,259,3.311,-68.7,-94.0,-25.3,105.23,358728410,358726998,True
2026-02-19T21:49:14.851,T1,1,263,3.513,-67.3,-97.2,-29.9,84.66,666826770,666825272,True
2026-02-19T21:49:15.331,T1,1,264,3.457,-69.3,-93.2,-23.8,149.09,537842510,537841035,True
2026-02-19T21:49:15.810,T1,1,265,3.959,-73.3,-95.9,-22.5,153.68,514820268,514818580,True
2026-02-19T21:49:16.350,T1,1,266,3.785,-69.3,-93.5,-24.3,170.82,678301337,678299722,True
2026-02-19T21:49:16.830,T1,1,267,3.316,-71.2,-94.5,-23.3,203.44,409197997,409196582,True
2026-02-19T21:49:17.309,T1,1,268,3.583,-73.0,-94.6,-21.6,63.59,346918807,346917279,True
2026-02-19T21:49:17.850,T1,1,269,3.921,-69.4,-93.7,-24.3,210.48,666753480,666751807,True
2026-02-19T21:49:18.330,T1,1,270,3.898,-68.8,-93.5,-24.7,94.87,629026007,629024345,True
2026-02-19T21:49:18.811,T1,1,271,3.297,-69.7,-93.8,-24.1,126.0,359179675,359178268,True
2026-02-19T21:49:19.349,T1,1,272,3.391,-67.1,-90.2,-23.1,163.42,378697270,378695824,True
2026-02-19T21:49:20.860,T1,1,275,3.311,-67.1,-94.9,-27.8,127.46,427200836,427199424,True
2026-02-19T21:49:21.330,T1,1,276,3.555,-67.6,-90.4,-22.8,135.88,478131043,478129526,True
2026-02-19T21:49:21.870,T1,1,277,3.555,-67.3,-91.3,-24.0,105.62,502548764,502547248,True
2026-02-19T21:49:22.830,T1,1,279,3.311,-69.6,-92.4,-22.8,169.85,345892883,345891471,True
2026-02-19T21:49:23.369,T1,1,280,3.626,-72.8,-95.2,-22.3,176.08,350729736,350728190,True
2026-02-19T21:49:23.849,T1,1,281,4.015,-69.4,-93.2,-23.9,121.91,508437150,508435437,True
2026-02-19T21:49:24.330,T1,1,282,3.663,-69.3,-93.0,-23.7,109.77,508729045,508727482,True
2026-02-19T21:49:24.870,T1,1,283,3.293,-70.1,-91.9,-21.8,241.98,346302511,346301107,True
2026-02-19T21:49:25.349,T1,1,284,4.062,-69.1,-93.1,-24.1,186.98,671628344,671626611,True
2026-02-19T21:49:26.369,T1,1,286,3.311,-65.5,-93.2,-27.7,150.45,346715379,346713966,True
2026-02-19T21:49:26.849,T1,1,287,3.851,-68.6,-92.9,-24.4,151.69,567825071,567823429,True
2026-02-19T21:49:27.869,T1,1,289,3.354,-68.1,-92.5,-24.4,227.18,381585908,381584478,True
2026-02-19T21:49:28.348,T1,1,290,3.527,-68.3,-91.3,-23.0,231.65,425854868,425853363,True
2026-02-19T21:49:28.829,T1,1,291,3.527,-63.7,-89.5,-25.9,215.73,415492163,415490659,True
2026-02-19T21:49:29.849,T1,1,293,3.344,-69.0,-92.1,-23.2,225.56,356021628,356020201,True
2026-02-19T21:49:30.329,T1,1,294,3.963,-72.1,-92.5,-20.4,173.69,424763862,424762172,True
2026-02-19T21:49:30.869,T1,1,295,3.654,-67.8,-92.4,-24.6,198.33,479556030,479554472,True
2026-02-19T21:49:31.349,T1,1,296,4.118,-68.9,-92.8,-23.8,246.38,672367387,672365630,True
2026-02-19T21:49:31.888,T1,1,297,3.668,-67.7,-92.2,-24.5,217.98,447844383,447842818,True
2026-02-19T21:49:32.849,T1,1,299,3.372,-68.3,-92.4,-24.1,222.0,352590991,352589552,True
2026-02-19T21:49:33.328,T1,1,300,3.649,-68.2,-92.4,-24.1,239.05,375543633,375542077,True
2026-02-19T21:49:34.348,T1,1,302,3.799,-68.3,-93.6,-25.3,149.4,542017377,542015757,True
2026-02-19T21:49:34.888,T1,1,303,3.635,-69.7,-93.5,-23.8,122.78,476791085,476789535,True
2026-02-19T21:49:35.368,T1,1,304,3.879,-68.5,-93.3,-24.8,153.42,552314285,552312631,True
2026-02-19T21:49:35.849,T1,1,305,4.118,-69.9,-92.7,-22.7,194.38,665181684,665179928,True
2026-02-19T21:49:36.870,T1,1,307,4.353,-69.1,-93.3,-24.2,215.8,548850200,548848343,True
2026-02-19T21:49:37.348,T1,1,308,4.099,-82.4,-96.1,-13.7,106.33,438292713,438290964,True
2026-02-19T21:49:37.888,T1,1,309,4.193,-68.5,-92.4,-24.0,186.08,666319165,666317376,True
2026-02-19T21:49:38.368,T1,1,310,3.658,-68.8,-92.5,-23.8,124.86,424177379,424175818,True
2026-02-19T21:49:38.848,T1,1,311,4.174,-70.8,-93.2,-22.5,203.91,513095255,513093474,True
2026-02-19T21:49:39.388,T1,1,312,4.132,-71.0,-92.8,-21.9,214.28,440049440,440047677,True
2026-02-19T21:49:39.868,T1,1,313,4.278,-67.5,-90.1,-22.6,141.63,667476460,667474635,True
2026-02-19T21:49:40.348,T1,1,314,4.385,-67.0,-91.6,-24.6,126.85,521304800,521302929,True
2026-02-19T21:49:40.888,T1,1,315,4.057,-68.0,-93.4,-25.4,196.25,504300719,504298988,True
2026-02-19T21:49:41.848,T1,1,317,4.24,-68.4,-92.0,-23.6,249.25,638227278,638225469,True
2026-02-19T21:49:42.868,T1,1,319,4.4,-69.4,-94.6,-25.2,190.9,631690964,631689087,True
2026-02-19T21:49:43.347,T1,1,320,4.484,-69.2,-92.7,-23.5,195.46,644731262,644729349,True
2026-02-19T21:49:43.889,T1,1,321,3.907,-71.5,-93.0,-21.6,204.69,374334121,374332454,True
2026-02-19T21:49:44.367,T1,1,322,3.823,-67.8,-92.6,-24.8,204.44,486985844,486984214,True
2026-02-19T21:49:44.847,T1,1,323,4.081,-68.8,-93.1,-24.3,192.17,611854340,611852600,True
2026-02-19T21:49:45.447,T1,1,324,3.654,-67.6,-94.2,-26.6,235.11,387667002,387665443,True
2026-02-19T21:49:45.867,T1,1,325,3.79,-67.7,-90.0,-22.2,236.4,425343644,425342028,True
2026-02-19T21:49:46.408,T1,1,326,3.513,-69.7,-95.0,-25.3,141.14,357832525,357831026,True
2026-02-19T21:49:46.887,T1,1,327,3.654,-69.6,-93.3,-23.7,145.79,444486141,444484583,True
2026-02-19T21:49:47.367,T1,1,328,4.564,-68.2,-92.5,-24.2,139.63,669493276,669491329,True
2026-02-19T21:49:47.907,T1,1,329,3.991,-68.6,-93.6,-24.9,157.38,488660422,488658719,True
2026-02-19T21:49:48.387,T1,1,330,3.63,-68.1,-92.7,-24.6,161.58,371034815,371033267,True
2026-02-19T21:49:48.867,T1,1,331,4.146,-69.5,-92.7,-23.1,157.42,577515742,577513974,True
2026-02-19T21:49:49.442,T1,1,332,3.78,-64.1,-90.2,-26.1,130.73,418179930,418178317,True
2026-02-19T21:49:49.887,T1,1,333,3.597,-68.5,-90.9,-22.4,146.16,352191183,352189649,True
2026-02-19T21:49:50.368,T1,1,334,4.536,-68.2,-91.8,-23.6,140.02,668515504,668513569,True
2026-02-19T21:49:50.907,T1,1,335,3.691,-68.8,-92.5,-23.7,143.35,373666045,373664470,True
2026-02-19T21:49:51.867,T1,1,337,4.512,-69.6,-93.5,-23.9,173.82,677216385,677214460,True
2026-02-19T21:49:52.406,T1,1,338,4.606,-71.5,-95.3,-23.8,67.1,633247809,633245845,True
2026-02-19T21:49:52.946,T1,1,339,3.691,-68.4,-93.3,-24.9,85.2,353733124,353731550,True
2026-02-19T21:49:53.367,T1,1,340,3.827,-68.8,-93.0,-24.2,94.14,491600077,491598445,True
2026-02-19T21:49:53.908,T1,1,341,3.457,-68.6,-92.4,-23.8,74.18,348032203,348030729,True
2026-02-19T21:49:54.388,T1,1,342,4.432,-68.6,-97.8,-29.2,102.2,567388407,567386517,True
2026-02-19T21:49:54.866,T1,1,343,4.737,-68.6,-90.1,-21.5,190.68,670611604,670609583,True
2026-02-19T21:49:55.406,T1,1,344,5.07,-68.7,-92.0,-23.3,142.36,668747248,668745085,True
2026-02-19T21:49:55.886,T1,1,345,3.879,-73.2,-94.0,-20.8,108.64,347871434,347869779,True
2026-02-19T21:49:56.367,T1,1,346,4.029,-68.5,-90.0,-21.5,200.68,447376089,447374371,True
2026-02-19T21:49:57.386,T1,1,348,4.142,-69.5,-92.8,-23.3,190.75,537704637,537702870,True
2026-02-19T21:49:58.406,T1,1,350,3.494,-70.1,-96.5,-26.5,112.75,360898011,360896521,True
2026-02-19T21:49:58.886,T1,1,351,3.87,-65.9,-88.1,-22.1,304.95,348139470,348137820,True
2026-02-19T21:49:59.366,T1,1,352,3.579,-66.7,-91.6,-24.9,126.39,355683765,355682239,True
2026-02-19T21:49:59.906,T1,1,353,4.292,-66.9,-89.5,-22.6,179.29,386291977,386290147,True
2026-02-19T21:50:00.387,T1,1,354,4.02,-68.9,-89.8,-20.9,208.58,422231094,422229380,True
2026-02-19T21:50:00.926,T1,1,355,4.409,-69.1,-93.7,-24.6,151.91,500010946,500009065,True
2026-02-19T21:50:01.886,T1,1,357,4.109,-70.0,-93.4,-23.5,194.83,541362040,541360287,True
2026-02-19T21:50:02.366,T1,1,358,3.677,-68.5,-91.5,-22.9,153.29,360824669,360823101,True
2026-02-19T21:50:03.386,T1,1,360,4.578,-69.4,-91.7,-22.3,201.73,550549819,550547866,True
2026-02-19T21:50:03.926,T1,1,361,4.714,-69.7,-90.7,-21.0,222.2,615446094,615444083,True
2026-02-19T21:50:04.406,T1,1,362,4.784,-68.8,-90.9,-22.2,163.18,671972102,671970062,True
2026-02-19T21:50:04.886,T1,1,363,3.973,-72.6,-92.6,-20.0,200.56,348544168,348542473,True
2026-02-19T21:50:05.905,T1,1,365,3.935,-73.2,-92.0,-18.8,152.39,347974778,347973099,True
2026-02-19T21:50:06.926,T1,1,367,4.367,-68.0,-89.9,-21.8,210.81,503390935,503389072,True
2026-02-19T21:50:07.406,T1,1,368,4.179,-69.5,-90.0,-20.5,225.15,510688164,510686381,True
2026-02-19T21:50:08.365,T1,1,370,3.738,-66.1,-89.9,-23.9,157.61,346465239,346463644,True
2026-02-19T21:50:08.905,T1,1,371,3.87,-67.9,-89.1,-21.2,234.46,368730157,368728506,True
2026-02-19T21:50:09.926,T1,1,373,3.86,-68.2,-89.8,-21.7,206.62,425420396,425418749,True
2026-02-19T21:50:10.885,T1,1,375,3.715,-68.3,-89.1,-20.7,266.42,352886722,352885138,True
2026-02-19T21:50:11.426,T1,1,376,4.048,-67.5,-89.7,-22.2,226.14,479396078,479394352,True
2026-02-19T21:50:11.905,T1,1,377,4.77,-68.8,-89.0,-20.2,295.04,678605271,678603236,True
2026-02-19T21:50:12.386,T1,1,378,4.718,-71.3,-90.0,-18.8,272.42,507085703,507083691,True
2026-02-19T21:50:13.885,T1,1,381,4.84,-68.8,-90.1,-21.2,222.84,675513808,675511743,True
2026-02-19T21:50:15.385,T1,1,384,4.629,-69.2,-90.0,-20.8,250.62,675775293,675773318,True
2026-02-19T21:50:15.929,T1,1,385,4.24,-67.9,-90.9,-23.1,231.57,504447322,504445514,True
2026-02-19T21:50:16.406,T1,1,386,4.339,-68.1,-90.1,-22.0,233.61,665373574,665371724,True
2026-02-19T21:50:16.884,T1,1,387,4.296,-67.9,-93.9,-26.1,62.96,510423554,510421721,True
2026-02-19T21:50:17.424,T1,1,388,3.419,-67.8,-93.2,-25.4,103.98,355041733,355040274,True
2026-02-19T21:50:17.906,T1,1,389,3.626,-68.9,-96.2,-27.3,110.87,421791518,421789971,True
2026-02-19T21:50:18.385,T1,1,390,4.353,-70.1,-95.0,-24.9,98.91,559778418,559776561,True
2026-02-19T21:50:19.404,T1,1,392,4.339,-68.4,-95.5,-27.1,154.75,675238553,675236703,True
2026-02-19T21:50:19.885,T1,1,393,4.709,-67.5,-91.3,-23.8,220.73,631254445,631252436,True
2026-02-19T21:50:20.429,T1,1,394,4.55,-68.5,-92.6,-24.1,243.82,576551022,576549081,True
2026-02-19T21:50:20.904,T1,1,395,4.55,-68.6,-92.2,-23.5,183.02,672218134,672216193,True
2026-02-19T21:50:21.444,T1,1,396,4.081,-68.1,-91.3,-23.2,274.52,439001851,439000110,True
2026-02-19T21:50:21.924,T1,1,397,4.662,-68.2,-91.6,-23.4,174.35,672048021,672046032,True
2026-02-19T21:50:22.404,T1,1,398,4.198,-78.2,-94.6,-16.4,136.19,384703335,384701544,True
2026-02-19T21:50:22.884,T1,1,399,4.057,-70.9,-92.1,-21.2,209.88,377870657,377868926,True
2026-02-19T21:50:23.905,T1,1,401,4.071,-85.5,-96.4,-11.0,96.08,376491389,376489652,True
2026-02-19T21:50:26.904,T1,1,407,3.612,-67.5,-95.7,-28.1,120.79,430538094,430536554,True
2026-02-19T21:50:28.404,T1,1,410,4.024,-70.4,-93.6,-23.2,108.82,446491763,446490047,True
2026-02-19T21:50:30.443,T1,1,414,3.635,-69.2,-95.7,-26.5,144.9,514031123,514029573,True
2026-02-19T21:50:31.403,T1,1,416,4.493,-69.2,-93.3,-24.1,96.98,670613936,670612019,True
2026-02-19T21:50:32.936,T1,1,419,3.391,-71.4,-94.3,-22.9,172.64,372700196,372698749,True
2026-02-19T21:50:33.443,T1,1,420,3.804,-69.7,-93.8,-24.0,124.13,386139521,386137898,True
2026-02-19T21:50:33.923,T1,1,421,3.574,-70.4,-93.9,-23.5,154.27,356536439,356534914,True
2026-02-19T21:50:34.403,T1,1,422,3.602,-68.9,-92.4,-23.5,217.92,352691622,352690086,True
2026-02-19T21:50:34.944,T1,1,423,3.949,-68.9,-91.6,-22.6,184.55,451909496,451907811,True
2026-02-19T21:50:35.423,T1,1,424,3.64,-69.4,-91.9,-22.5,233.9,366080601,366079049,True
2026-02-19T21:50:36.443,T1,1,426,4.235,-69.5,-93.1,-23.7,193.02,613393706,613391900,True
2026-02-19T21:50:37.403,T1,1,428,3.898,-68.6,-92.9,-24.3,148.73,501740008,501738346,True
2026-02-19T21:50:39.923,T1,1,433,3.424,-70.7,-95.4,-24.7,112.65,546489943,546488483,True
2026-02-19T21:50:40.463,T1,1,434,3.898,-73.7,-90.8,-17.1,327.27,678762908,678761245,True
2026-02-19T21:50:40.943,T1,1,435,3.776,-72.2,-94.9,-22.7,140.82,552414954,552413344,True
2026-02-19T21:50:42.501,T1,1,438,4.076,-71.6,-89.6,-18.1,327.87,580333878,580332140,True
2026-02-19T21:50:44.001,T1,1,441,3.302,-65.4,-82.4,-17.0,382.59,367987099,367985690,True
2026-02-19T21:50:44.423,T1,1,442,3.241,-78.2,-101.2,-23.0,17.38,383108614,383107231,True
2026-02-19T21:50:45.022,T1,1,443,3.935,-75.3,-93.5,-18.1,184.23,569294681,569293003,True
2026-02-19T21:50:45.922,T1,1,445,3.03,-71.1,-98.1,-27.0,48.23,356479930,356478638,True
2026-02-19T21:50:46.462,T1,1,446,3.916,-68.3,-88.4,-20.2,425.52,539176459,539174788,True
2026-02-19T21:50:47.482,T1,1,448,3.621,-65.3,-94.4,-29.1,94.31,516419789,516418244,True
2026-02-19T21:50:47.961,T1,1,449,4.648,-69.6,-86.1,-16.6,418.12,669400805,669398823,True
2026-02-19T21:50:48.441,T1,1,450,3.626,-69.2,-90.9,-21.7,156.7,346105336,346103789,True
2026-02-19T21:50:48.921,T1,1,451,4.606,-69.2,-87.1,-17.9,306.83,674020648,674018683,True
2026-02-19T21:50:49.463,T1,1,452,3.78,-69.4,-87.0,-17.7,491.56,419639317,419637705,True
2026-02-19T21:50:49.941,T1,1,453,3.691,-68.9,-84.0,-15.1,450.7,348116134,348114559,True
2026-02-19T21:50:50.422,T1,1,454,4.376,-68.6,-86.2,-17.6,338.45,441000558,440998691,True
2026-02-19T21:50:50.962,T1,1,455,4.09,-67.8,-84.9,-17.0,372.25,349457536,349455791,True
2026-02-19T21:50:51.922,T1,1,457,4.371,-68.1,-87.1,-19.0,441.12,667689979,667688115,True
2026-02-19T21:50:52.463,T1,1,458,4.606,-68.3,-85.6,-17.3,434.88,616082628,616080664,True
2026-02-19T21:50:52.942,T1,1,459,4.071,-68.0,-84.9,-16.8,404.52,377931647,377929911,True
2026-02-19T21:50:53.961,T1,1,461,4.156,-68.4,-90.3,-21.9,155.0,670916899,670915126,True
2026-02-19T21:50:54.922,T1,1,463,4.601,-64.8,-82.6,-17.8,422.52,639922746,639920784,True
2026-02-19T21:50:55.461,T1,1,464,4.343,-67.9,-81.9,-14.0,443.67,546877968,546876116,True
2026-02-19T21:50:55.941,T1,1,465,4.465,-67.3,-84.4,-17.1,447.8,442635852,442633947,True
2026-02-19T21:50:57.441,T1,1,468,4.55,-69.3,-86.7,-17.3,430.77,666123503,666121562,True
2026-02-19T21:50:57.921,T1,1,469,4.808,-65.6,-87.8,-22.2,284.43,643589735,643587684,True
2026-02-19T21:50:58.461,T1,1,470,4.995,-69.5,-88.4,-18.9,392.33,638995293,638993162,True
2026-02-19T21:51:00.981,T1,1,475,3.705,-68.5,-85.6,-17.1,367.33,350026175,350024595,True
2026-02-19T21:51:01.460,T1,1,476,4.024,-69.2,-88.0,-18.8,375.58,484948052,484946335,True
2026-02-19T21:51:01.940,T1,1,477,4.911,-69.0,-88.8,-19.8,321.81,644562464,644560370,True
2026-02-19T21:51:02.481,T1,1,478,4.475,-71.2,-88.3,-17.1,367.05,451926023,451924114,True
2026-02-19T21:51:02.961,T1,1,479,3.799,-68.8,-88.3,-19.5,366.08,345870567,345868947,True
2026-02-19T21:51:03.440,T1,1,480,4.151,-69.1,-88.1,-19.0,381.28,472665628,472663858,True
2026-02-19T21:51:03.981,T1,1,481,4.306,-69.7,-88.0,-18.3,426.38,536161733,536159896,True
2026-02-19T21:51:04.460,T1,1,482,4.01,-69.4,-88.1,-18.8,380.0,361855911,361854201,True
2026-02-19T21:51:04.940,T1,1,483,3.893,-68.7,-88.3,-19.5,407.17,354334573,354332912,True
2026-02-19T21:51:05.480,T1,1,484,4.751,-69.3,-92.7,-23.4,114.25,576008941,576006914,True
2026-02-19T21:51:06.440,T1,1,486,4.062,-69.4,-86.4,-17.1,336.94,414541444,414539712,True
2026-02-19T21:51:06.981,T1,1,487,4.634,-68.5,-85.9,-17.4,346.12,554719013,554717037,True
2026-02-19T21:51:07.460,T1,1,488,4.315,-67.2,-87.1,-19.9,355.34,570336295,570334455,True
2026-02-19T21:51:07.940,T1,1,489,4.015,-87.7,-91.7,-4.0,111.67,375579664,375577952,False
2026-02-19T21:51:08.480,T1,1,490,3.94,-67.4,-83.0,-15.5,414.67,415865160,415863479,True
2026-02-19T21:51:09.980,T1,1,493,3.626,-67.3,-82.4,-15.1,383.15,348884148,348882602,True
2026-02-19T21:51:10.459,T1,1,494,4.306,-68.0,-84.1,-16.0,382.62,383850660,383848824,True
2026-02-19T21:51:10.999,T1,1,495,4.432,-65.7,-84.2,-18.5,341.96,606024309,606022418,True
2026-02-19T21:51:11.480,T1,1,496,3.696,-62.6,-79.9,-17.3,430.95,383032827,383031250,True
2026-02-19T21:51:12.499,T1,1,498,3.884,-64.4,-87.2,-22.8,523.78,537973124,537971468,True
2026-02-19T21:51:14.480,T1,1,502,4.156,-63.8,-84.3,-20.5,414.8,572443311,572441539,True
2026-02-19T21:51:14.961,T1,1,503,3.696,-63.0,-81.1,-18.1,394.86,483756422,483754846,True
2026-02-19T21:51:16.460,T1,1,506,3.86,-64.4,-88.6,-24.2,356.8,626914113,626912467,True
2026-02-19T21:51:17.000,T1,1,507,4.142,-63.4,-84.9,-21.6,396.0,514457029,514455263,True
2026-02-19T21:51:17.479,T1,1,508,3.743,-62.8,-82.5,-19.7,393.57,490589616,490588020,True
2026-02-19T21:51:18.499,T1,1,510,3.363,-63.0,-80.3,-17.3,337.75,349297874,349296439,True
2026-02-19T21:51:18.979,T1,1,511,3.555,-66.9,-90.1,-23.3,205.06,409918790,409917274,True
2026-02-19T21:51:19.459,T1,1,512,3.762,-70.1,-89.7,-19.6,187.11,351966818,351965213,True
2026-02-19T21:53:54.092,T1,1,40,2.697,-71.4,-81.6,-10.1,447.48,568681072,568679921,True
2026-02-19T21:53:54.557,T1,1,41,2.838,-73.8,-87.3,-13.5,328.95,674856630,674855420,True
2026-02-19T21:53:55.067,T1,1,42,2.983,-73.4,-86.4,-13.0,430.91,673833107,673831835,True
2026-02-19T21:53:55.564,T1,1,43,2.669,-74.1,-85.5,-11.3,385.52,577849327,577848188,True
2026-02-19T21:53:56.105,T1,1,44,2.922,-72.4,-82.1,-9.7,337.21,633702502,633701255,True
2026-02-19T21:53:56.585,T1,1,45,2.927,-73.0,-81.8,-8.9,354.21,384909160,384907911,True
