timestamp,device,anchor_id,seq,distance_m,rx_power,fp_power,fp_rx_ratio,quality,round_trip,reply_delay,std_noise,fp_ampl1,fp_ampl2,fp_ampl3,cir_power,rxpacc,flags,anchor_count,nlos_suspect
2026-05-01T13:00:31.599,T1,1,5,1.867,-55.7,-74.0,-18.3,90.95,516749350,516748554,204,18447,18553,17587,26818,1000,3,1,True
2026-05-01T13:00:32.587,T1,1,6,1.815,-55.4,-72.6,-17.1,93.93,390530599,390529824,196,18604,18410,17604,24811,953,3,1,True
2026-05-01T13:00:33.607,T1,1,7,2.58,-55.5,-71.1,-15.6,95.3,646059683,646058582,184,17559,17536,17097,20381,866,3,1,True
2026-05-01T13:00:34.597,T1,1,8,1.965,-55.6,-72.9,-17.3,95.95,391263102,391262263,184,17684,17655,16807,22818,920,3,1,True
2026-05-01T13:00:35.588,T1,1,9,2.068,-56.1,-75.6,-19.5,79.36,431684736,431683854,220,17511,17460,17121,26515,1009,3,1,True
2026-05-01T13:00:36.606,T1,1,10,2.852,-54.8,-74.2,-19.5,98.37,645756540,645755323,172,17136,16920,10912,20456,846,3,1,True
2026-05-01T13:00:37.596,T1,1,11,2.491,-55.7,-72.0,-16.4,79.3,565755406,565754343,224,17761,17764,17098,21840,901,3,1,True
2026-05-01T13:00:39.577,T1,1,13,2.645,-55.5,-71.4,-16.0,93.71,411757232,411756104,188,17613,17617,16612,20594,870,3,1,True
2026-05-01T13:00:42.637,T1,1,16,2.303,-55.1,-72.8,-17.6,101.58,407100155,407099172,180,18246,18284,16467,24219,931,3,1,True
2026-05-01T13:00:45.608,T1,1,19,4.09,-70.0,-79.2,-9.2,228.81,773682625,773680881,36,8297,8237,6189,2527,503,3,1,True
2026-05-01T13:00:46.597,T1,1,20,4.128,-55.2,-74.6,-19.4,95.67,711613059,711611299,172,16736,16456,10785,19414,837,3,1,True
2026-05-01T13:00:47.617,T1,1,21,3.386,-54.4,-72.8,-18.4,96.1,654647645,654646200,180,17351,17298,14281,21882,863,3,1,True
2026-05-01T13:00:49.597,T1,1,23,3.658,-55.0,-72.3,-17.2,87.51,750256859,750255299,204,17852,17852,15797,22242,890,3,1,True
2026-05-01T13:00:50.646,T1,1,24,4.301,-56.2,-74.7,-18.5,100.96,711746223,711744389,176,17989,17769,13851,22765,937,3,1,True
2026-05-01T13:00:51.666,T1,1,25,2.828,-55.7,-73.2,-17.5,82.74,450732061,450730854,216,17997,17872,16803,23590,938,3,1,True
2026-05-01T13:00:52.626,T1,1,26,4.695,-56.7,-75.2,-18.5,79.8,778354412,778352409,224,17739,17876,16729,25071,1001,3,1,True
2026-05-01T13:00:56.617,T1,1,30,4.479,-55.6,-74.3,-18.8,112.07,705921883,705919972,148,16746,16586,10920,18802,834,3,1,True
2026-05-01T13:00:57.606,T1,1,31,3.508,-59.6,-77.4,-17.8,139.04,403143300,403141803,104,14623,14460,9238,13286,804,3,1,True
2026-05-01T13:00:58.626,T1,1,32,3.344,-54.7,-71.0,-16.3,99.08,449321593,449320167,180,17866,17835,17344,22128,876,3,1,True
2026-05-01T13:00:59.616,T1,1,33,3.067,-55.3,-73.7,-18.4,97.06,447073255,447071947,188,18263,18247,17450,26332,977,3,1,True
2026-05-01T13:01:01.596,T1,1,35,3.415,-54.7,-74.2,-19.6,107.55,400728953,400727497,152,16626,16347,10991,19608,825,3,1,True
2026-05-01T13:01:02.616,T1,1,36,3.279,-56.3,-76.0,-19.7,100.28,406731934,406730536,172,17260,17248,13590,23219,949,3,1,True
2026-05-01T13:01:03.667,T1,1,37,3.213,-54.4,-71.5,-17.1,95.82,450937351,450935981,176,16865,16865,15937,20465,834,3,1,True
2026-05-01T13:01:04.599,T1,1,38,3.044,-55.5,-76.9,-21.4,99.53,400515249,400513950,176,17746,17517,10245,24273,946,3,1,True
2026-05-01T13:01:06.606,T1,1,40,3.959,-56.3,-77.4,-21.1,90.47,449710653,449708964,184,16922,16646,12106,23297,952,3,1,True
2026-05-01T13:01:08.618,T1,1,42,4.84,-54.9,-74.3,-19.4,100.25,704556606,704554541,168,17112,16842,10525,20058,840,3,1,True
2026-05-01T13:01:10.595,T1,1,44,5.399,-55.2,-73.1,-18.0,110.68,778293310,778291008,160,17813,17708,13970,21813,885,3,1,True
2026-05-01T13:01:12.605,T1,1,46,4.944,-54.7,-73.6,-18.8,99.06,752285824,752283715,172,17178,17038,11667,20222,840,3,1,True
2026-05-01T13:01:13.598,T1,1,47,3.762,-54.9,-73.3,-18.4,106.16,496666067,496664463,164,17539,17411,12993,21186,865,3,1,True
2026-05-01T13:01:14.617,T1,1,48,4.803,-54.8,-72.5,-17.7,105.46,696071861,696069812,172,18217,18139,16885,24476,926,3,1,True
2026-05-01T13:01:20.616,T1,1,54,3.626,-54.3,-74.2,-19.9,97.38,429935480,429933933,180,17750,17528,10488,22044,864,3,1,True
2026-05-01T13:01:26.617,T1,1,60,4.029,-55.2,-75.6,-20.4,81.43,489268387,489266668,212,17618,17263,11279,23047,911,3,1,True
2026-05-01T13:01:29.615,T1,1,63,5.056,-54.7,-73.3,-18.7,100.45,530004214,530002057,164,16591,16474,13096,19886,831,3,1,True
2026-05-01T13:01:30.605,T1,1,64,5.066,-54.6,-73.8,-19.2,108.42,632979656,632977495,156,17105,16914,11508,20399,841,3,1,True
2026-05-01T13:01:31.656,T1,1,65,6.581,-54.5,-75.1,-20.6,102.27,769905612,769902806,168,17496,17181,9674,22033,869,3,1,True
2026-05-01T13:01:33.635,T1,1,67,4.376,-54.9,-71.6,-16.6,103.44,506274286,506272420,168,17426,17378,15774,20564,853,3,1,True
2026-05-01T13:01:34.626,T1,1,68,6.731,-54.8,-74.9,-20.1,97.77,770049363,770046492,176,17501,17208,9757,21294,864,3,1,True
2026-05-01T13:01:35.615,T1,1,69,4.292,-55.1,-72.8,-17.6,104.45,463566029,463564198,168,17607,17548,13976,20995,867,3,1,True
2026-05-01T13:01:36.606,T1,1,70,4.709,-55.0,-72.9,-17.9,100.92,549011000,549008992,180,18164,18165,15431,23629,915,3,1,True
2026-05-01T13:01:37.627,T1,1,71,4.057,-54.3,-73.4,-19.1,110.38,438031238,438029508,148,16398,16336,13043,20179,826,3,1,True
2026-05-01T13:01:39.637,T1,1,73,4.414,-55.2,-73.6,-18.3,104.71,485799376,485797493,168,17618,17592,14861,22765,906,3,1,True
2026-05-01T13:01:40.625,T1,1,74,5.225,-64.4,-80.3,-15.9,159.2,461996053,461993824,40,6349,6368,5741,2606,421,3,1,True
2026-05-01T13:01:42.635,T1,1,76,5.234,-60.4,-79.1,-18.7,98.45,461713718,461711486,76,7535,7482,5986,4112,461,3,1,True
2026-05-01T13:01:44.616,T1,1,78,4.62,-54.8,-73.3,-18.6,112.9,507485328,507483357,156,17812,17612,13658,22379,884,3,1,True
2026-05-01T13:01:46.627,T1,1,80,3.874,-55.9,-74.1,-18.2,99.47,388981517,388979865,180,18030,17904,14310,22763,927,3,1,True
2026-05-01T13:01:48.636,T1,1,82,4.146,-55.7,-75.7,-20.0,111.59,425114791,425113023,152,17000,16961,14575,23939,944,3,1,True
2026-05-01T13:01:51.635,T1,1,85,6.89,-55.2,-74.7,-19.5,95.56,766028777,766025838,184,17786,17583,11812,22411,900,3,1,True
2026-05-01T13:01:53.614,T1,1,87,4.7,-65.1,-82.3,-17.2,80.39,398382790,398380786,56,4532,4502,3890,1398,316,3,1,True
2026-05-01T13:01:54.635,T1,1,88,6.923,-54.6,-74.0,-19.4,112.15,764704181,764701228,148,16760,16598,11852,20326,838,3,1,True
2026-05-01T13:02:01.627,T1,1,95,6.299,-56.1,-73.6,-17.4,93.15,754241623,754238937,196,18408,18258,15559,23275,946,3,1,True
2026-05-01T13:02:02.646,T1,1,96,4.428,-55.2,-71.5,-16.4,94.17,482350909,482349021,184,17351,17328,16106,20322,855,3,1,True
2026-05-01T13:04:32.642,T1,1,85,5.521,-74.9,-108.0,-33.1,31.86,389889685,389887331,64,1756,2039,1685,18998,1636,3,1,True
2026-05-01T13:04:34.653,T1,1,87,6.355,-72.4,-98.5,-26.1,74.09,427328595,427325885,80,6105,5927,3809,21667,1601,3,1,True
2026-05-01T13:04:35.641,T1,1,88,6.96,-73.1,-98.5,-25.4,88.95,498812128,498809159,88,5380,7828,5330,28399,1880,3,1,True
2026-05-01T13:04:36.661,T1,1,89,5.98,-73.6,-108.2,-34.6,25.93,416661104,416658553,84,2302,2178,1312,25338,1801,3,1,True
2026-05-01T13:04:37.651,T1,1,90,6.885,-70.0,-104.2,-34.2,30.93,479146847,479143910,108,926,3340,3477,26529,1631,3,1,True
2026-05-01T13:04:38.671,T1,1,91,8.354,-70.2,-101.7,-31.5,41.38,737681594,737678031,92,4618,3807,2661,26238,1634,3,1,True
2026-05-01T13:04:39.690,T1,1,92,6.379,-71.7,-112.1,-40.3,19.92,480052182,480049462,72,1067,1434,949,24568,1665,3,1,True
2026-05-01T13:04:40.651,T1,1,93,8.372,-96.4,-104.7,-8.3,31.75,433629555,433625984,8,244,254,176,8,139,3,1,True
2026-05-01T13:04:42.661,T1,1,95,6.416,-70.4,-107.2,-36.8,29.34,428016593,428013856,88,2082,2582,1686,29856,1754,3,1,True
2026-05-01T13:04:45.662,T1,1,98,6.885,-68.2,-105.3,-37.1,30.78,473176570,473173633,88,2450,2709,1903,27482,1558,3,1,True
2026-05-01T13:04:46.651,T1,1,99,8.672,-76.3,-97.6,-21.3,105.31,762773794,762770096,80,7861,8425,5859,26025,2006,3,1,True
2026-05-01T13:04:49.651,T1,1,102,6.684,-71.0,-106.8,-35.9,25.36,407886296,407883445,104,2183,2637,2380,32909,1877,3,1,True
2026-05-01T13:04:53.672,T1,1,106,6.853,-71.8,-104.4,-32.6,35.72,407099060,407096138,92,1708,3286,2690,21410,1556,3,1,True
2026-05-01T13:04:54.661,T1,1,107,7.5,-71.4,-108.3,-37.0,23.35,497691119,497687921,84,2180,1961,1568,28663,1776,3,1,True
2026-05-01T13:04:57.660,T1,1,110,8.64,-71.2,-108.8,-37.6,17.74,447829654,447825969,88,567,1561,1736,16932,1358,3,1,True
2026-05-01T13:04:58.650,T1,1,111,7.706,-71.4,-110.2,-38.9,16.12,494035397,494032111,80,1523,1290,1432,24345,1636,3,1,True
2026-05-01T13:04:59.670,T1,1,112,6.885,-72.2,-108.3,-36.2,21.9,406935270,406932333,108,2596,2365,1340,34657,2008,3,1,True
2026-05-01T13:05:02.670,T1,1,115,8.565,-72.6,-109.1,-36.5,11.61,432360347,432356695,76,1299,882,1730,15508,1364,3,1,True
2026-05-01T13:05:11.669,T1,1,124,9.151,-72.8,-98.3,-25.6,81.5,495665109,495661207,48,3318,3912,2796,8050,988,3,1,True
2026-05-01T13:05:13.680,T1,1,126,8.433,-71.4,-109.0,-37.5,16.45,494504378,494500781,96,1466,1579,1548,21039,1525,3,1,True
2026-05-01T13:05:14.670,T1,1,127,8.733,-74.8,-111.6,-36.8,14.96,495447777,495444052,52,878,778,484,7075,994,3,1,True
2026-05-01T13:05:15.690,T1,1,128,9.02,-71.8,-111.3,-39.5,18.75,674165431,674161584,88,1191,1650,1029,26053,1721,3,1,True
2026-05-01T13:05:16.710,T1,1,129,7.448,-71.1,-107.1,-36.0,25.76,410141842,410138666,84,2127,2164,1652,23774,1603,3,1,True
2026-05-01T13:05:17.672,T1,1,130,8.616,-70.6,-107.5,-36.9,22.47,429748014,429744340,104,581,2337,1975,21855,1510,3,1,True
2026-05-01T13:05:20.699,T1,1,133,7.411,-73.4,-109.7,-36.3,15.03,409941494,409938334,124,1886,1864,1774,31644,2000,3,1,True
2026-05-01T13:05:21.690,T1,1,134,9.296,-69.1,-103.4,-34.3,33.17,622713705,622709740,100,3054,3317,2387,25353,1546,3,1,True
2026-05-01T13:05:22.679,T1,1,135,7.481,-70.6,-110.4,-39.8,17.39,422559521,422556331,100,1637,1739,1464,34396,1895,3,1,True
2026-05-01T13:05:23.669,T1,1,136,11.388,-70.1,-113.1,-43.1,14.87,751517052,751512195,92,487,1368,1015,27019,1649,3,1,True
2026-05-01T13:05:24.689,T1,1,137,10.323,-88.7,-105.7,-16.9,32.75,429611317,429606914,12,217,393,341,120,222,3,1,True
2026-05-01T13:05:26.669,T1,1,139,7.584,-70.2,-107.0,-36.8,27.1,431488828,431485593,92,2206,2493,2122,32481,1817,3,1,True
2026-05-01T13:05:27.689,T1,1,140,9.437,-69.9,-99.1,-29.2,47.27,442811921,442807897,116,6713,5483,3619,30375,1737,3,1,True
2026-05-01T13:05:29.669,T1,1,142,7.65,-68.9,-112.9,-44.0,15.73,409076828,409073565,84,293,1321,1070,26358,1562,3,1,True
2026-05-01T13:05:30.690,T1,1,143,7.692,-70.0,-107.7,-37.7,27.47,473175542,473172261,76,2133,2088,1270,25929,1610,3,1,True
2026-05-01T13:05:32.669,T1,1,145,7.387,-71.2,-108.5,-37.2,21.23,425051304,425048154,100,1950,2123,1465,28289,1757,3,1,True
2026-05-01T13:05:33.721,T1,1,146,8.236,-75.7,-110.7,-35.0,18.69,429893672,429890160,36,589,673,432,3278,698,3,1,True
2026-05-01T13:05:34.679,T1,1,147,11.125,-74.4,-101.1,-26.7,69.47,492083622,492078877,36,957,2501,1718,4018,739,3,1,True
2026-05-01T13:05:35.699,T1,1,148,9.723,-72.1,-111.6,-39.5,9.49,668765058,668760912,100,851,949,1746,24362,1679,3,1,True
2026-05-01T13:05:36.688,T1,1,149,7.955,-71.5,-114.0,-42.5,17.21,466650477,466647085,72,653,1239,711,23331,1611,3,1,True
2026-05-01T13:05:42.718,T1,1,155,7.397,-69.9,-107.7,-37.7,20.72,421143941,421140786,100,2222,2072,1496,28300,1679,3,1,True
2026-05-01T13:05:43.679,T1,1,156,8.429,-71.2,-109.6,-38.5,14.57,606735973,606732379,96,1652,1399,1531,24993,1648,3,1,True
2026-05-01T13:05:52.709,T1,1,165,10.544,-68.9,-110.8,-41.9,19.03,748324440,748319944,76,1127,1446,817,21852,1424,3,1,True
2026-05-01T13:05:53.699,T1,1,166,7.115,-71.7,-110.1,-38.4,19.45,401661897,401658862,92,1665,1789,1400,30374,1847,3,1,True
2026-05-01T13:05:54.719,T1,1,167,8.766,-72.9,-107.4,-34.5,20.2,551231933,551228195,112,3094,2262,1692,33156,2013,3,1,True
2026-05-01T13:05:55.709,T1,1,168,9.925,-70.2,-107.3,-37.1,26.33,748932340,748928108,84,2020,2212,1997,28715,1706,3,1,True
2026-05-01T13:05:56.699,T1,1,169,8.105,-70.9,-105.7,-34.8,34.23,399877772,399874316,92,1996,3149,2807,32073,1850,3,1,True
2026-05-01T13:05:57.719,T1,1,170,7.711,-70.8,-102.2,-31.4,63.5,431864026,431860737,68,2807,4318,3151,24140,1598,3,1,True
2026-05-01T13:05:58.709,T1,1,171,8.405,-70.4,-102.5,-32.1,40.85,405783444,405779859,104,3284,4248,2981,27089,1669,3,1,True
2026-05-01T13:06:00.719,T1,1,173,7.373,-71.2,-107.9,-36.7,27.42,422984205,422981061,72,1806,1974,1631,23375,1596,3,1,True
2026-05-01T13:06:01.709,T1,1,174,8.354,-70.3,-107.0,-36.6,26.28,404639653,404636090,116,1641,3049,1825,31140,1787,3,1,True
2026-05-01T13:06:02.759,T1,1,175,8.035,-70.3,-112.0,-41.7,18.06,464952804,464949378,80,868,1445,865,23368,1543,3,1,True
2026-05-01T13:06:03.718,T1,1,176,7.265,-70.3,-110.9,-40.6,16.51,404974713,404971614,84,886,1387,1505,25243,1609,3,1,True
2026-05-01T13:06:06.749,T1,1,179,8.128,-70.6,-112.2,-41.6,15.75,398120393,398116927,84,702,1323,1348,27353,1691,3,1,True
2026-05-01T13:06:08.728,T1,1,181,7.767,-71.4,-110.5,-39.1,19.83,468045253,468041941,80,835,1586,1735,26498,1711,3,1,True
2026-05-01T13:06:10.738,T1,1,183,8.719,-70.8,-106.9,-36.1,34.78,462823325,462819607,76,155,2643,2663,27405,1702,3,1,True
2026-05-01T13:06:12.719,T1,1,185,7.289,-71.8,-110.5,-38.6,15.85,405844401,405841293,100,1269,1585,1589,27295,1762,3,1,True
2026-05-01T13:06:13.738,T1,1,186,8.293,-71.1,-111.2,-40.1,18.86,438597849,438594313,88,1274,1660,1405,32246,1867,3,1,True
2026-05-01T13:06:14.730,T1,1,187,8.058,-70.7,-108.7,-38.0,20.58,436205853,436202416,100,1647,2058,1714,29233,1751,3,1,True
2026-05-01T13:06:16.739,T1,1,189,8.274,-73.3,-110.6,-37.3,15.9,438325150,438321621,92,773,1463,1296,16916,1456,3,1,True
2026-05-01T13:06:19.738,T1,1,192,7.894,-71.4,-112.1,-40.7,13.31,419069975,419066609,88,1096,1171,1354,27245,1736,3,1,True
2026-05-01T13:06:20.730,T1,1,193,10.413,-71.2,-112.2,-41.1,18.66,751100991,751096551,76,1130,1418,853,25938,1677,3,1,True
2026-05-01T13:06:21.718,T1,1,194,9.165,-97.3,-110.3,-13.0,15.62,422676271,422672362,8,108,125,111,6,133,3,1,True
2026-05-01T13:06:23.728,T1,1,196,7.5,-71.7,-110.0,-38.3,23.46,413772859,413769661,72,1319,1689,1231,22868,1607,3,1,True
2026-05-01T13:06:25.738,T1,1,198,8.926,-76.3,-111.7,-35.4,17.44,484628429,484624622,32,342,558,439,2480,620,3,1,True
2026-05-01T13:06:26.729,T1,1,199,10.535,-72.1,-110.2,-38.1,18.61,749978831,749974339,88,1569,1638,1574,28820,1824,3,1,True
2026-05-01T13:06:27.748,T1,1,200,7.805,-72.3,-109.8,-37.4,25.47,460506486,460503158,68,1722,1732,1287,25697,1739,3,1,True
2026-05-01T13:06:28.738,T1,1,201,8.307,-73.9,-112.5,-38.6,15.46,435215628,435212085,68,1027,1051,736,15288,1415,3,1,True
2026-05-01T13:06:31.769,T1,1,204,7.49,-73.1,-109.4,-36.3,20.51,408891070,408887875,92,1696,1887,1362,24259,1732,3,1,True
2026-05-01T13:06:32.758,T1,1,205,7.687,-71.6,-108.6,-37.0,18.35,434913230,434909951,108,1383,1982,1814,24820,1664,3,1,True
2026-05-01T13:06:33.748,T1,1,206,7.411,-72.4,-109.4,-37.0,22.07,400677318,400674158,92,1880,2030,1293,28726,1844,3,1,True
2026-05-01T13:06:34.738,T1,1,207,10.511,-71.9,-109.5,-37.7,25.26,742697752,742693269,76,1021,1920,1772,26146,1725,3,1,True
2026-05-01T13:06:35.758,T1,1,208,9.878,-73.4,-110.2,-36.8,17.18,735673364,735669151,116,1349,1993,1818,31607,2001,3,1,True
2026-05-01T13:06:38.788,T1,1,211,10.286,-72.1,-110.8,-38.6,17.88,683437399,683433012,88,1720,1573,812,26386,1750,3,1,True
2026-05-01T13:06:39.778,T1,1,212,7.945,-71.9,-110.1,-38.2,26.99,464669834,464666446,68,1381,1835,1268,25901,1721,3,1,True
2026-05-01T13:06:41.758,T1,1,214,7.406,-71.8,-110.5,-38.7,20.42,395902739,395899580,84,1867,1715,985,30578,1859,3,1,True
2026-05-01T13:06:43.801,T1,1,216,7.5,-72.6,-111.2,-38.6,16.51,408669491,408666293,92,1149,1519,1292,24492,1716,3,1,True
2026-05-01T13:06:49.738,T1,1,222,7.627,-72.0,-107.5,-35.5,31.36,418528871,418525619,76,2047,2383,1806,26925,1757,3,1,True
2026-05-01T13:06:50.758,T1,1,223,7.894,-71.5,-108.4,-36.9,27.86,457456851,457453485,76,1497,2117,1845,26265,1708,3,1,True
2026-05-01T13:06:51.747,T1,1,224,7.748,-71.5,-107.6,-36.1,27.67,415785372,415782068,84,780,2324,2523,26883,1725,3,1,True
2026-05-01T13:06:55.767,T1,1,228,7.467,-74.5,-107.9,-33.4,26.38,392979827,392976643,96,2428,2532,1981,30472,2041,3,1,True
2026-05-01T13:06:56.758,T1,1,229,7.434,-71.4,-108.8,-37.4,29.58,391947857,391944686,64,1900,1893,1312,25796,1685,3,1,True
2026-05-01T13:06:58.797,T1,1,231,7.636,-72.1,-110.8,-38.7,15.99,414261407,414258150,112,839,1791,1680,29356,1845,3,1,True
2026-05-01T13:06:59.758,T1,1,232,7.73,-71.6,-110.3,-38.6,18.92,417027599,417024303,104,1459,1968,1268,30216,1841,3,1,True
2026-05-01T13:07:01.767,T1,1,234,10.633,-72.1,-111.1,-38.9,16.15,739121754,739117220,100,1891,1615,893,32279,1935,3,1,True
2026-05-01T13:07:03.747,T1,1,236,8.851,-72.3,-103.2,-30.9,32.72,481888001,481884227,100,3331,3272,4380,30446,1888,3,1,True
2026-05-01T13:07:04.797,T1,1,237,9.873,-72.0,-110.2,-38.2,17.59,717992134,717987923,92,1618,1618,1140,25075,1695,3,1,True
2026-05-01T13:07:05.758,T1,1,238,7.575,-71.7,-111.2,-39.5,20.45,409625663,409622432,80,1323,1636,1167,28571,1796,3,1,True
2026-05-01T13:07:07.768,T1,1,240,7.397,-73.0,-110.8,-37.8,17.2,389971312,389968158,84,1474,1445,1345,24788,1746,3,1,True
2026-05-01T13:07:08.757,T1,1,241,7.697,-71.5,-110.2,-38.7,21.12,420050886,420047603,88,1353,1859,1451,29230,1804,3,1,True
2026-05-01T13:07:09.776,T1,1,242,7.936,-72.8,-109.5,-36.7,24.09,453719882,453716498,76,1692,1831,1345,24881,1741,3,1,True
2026-05-01T13:07:11.787,T1,1,244,10.211,-72.0,-104.0,-32.0,38.08,672013339,672008984,92,3334,3503,2113,25762,1723,3,1,True
2026-05-01T13:07:14.756,T1,1,247,7.481,-72.4,-108.2,-35.8,25.69,390934768,390931578,100,1835,2569,1902,31778,1937,3,1,True
2026-05-01T13:07:16.767,T1,1,249,7.922,-71.4,-112.6,-41.2,15.5,455930100,455926722,88,522,1364,1214,25019,1663,3,1,True
2026-05-01T13:07:17.786,T1,1,250,9.798,-73.6,-113.1,-39.5,18.34,669806883,669802704,76,370,1394,1623,31681,2020,3,1,True
2026-05-01T13:07:18.807,T1,1,251,7.57,-71.9,-112.4,-40.4,17.18,410322860,410319632,84,860,1443,1406,30373,1865,3,1,True
2026-05-01T13:07:20.787,T1,1,253,7.612,-72.3,-109.7,-37.4,24.26,411224015,411220768,84,1509,2038,1466,28499,1828,3,1,True
2026-05-01T13:07:23.787,T1,1,256,10.323,-71.1,-112.8,-41.6,12.34,717419805,717415402,92,1130,1135,1362,32417,1874,3,1,True
2026-05-01T13:07:24.778,T1,1,257,8.855,-72.5,-107.8,-35.3,22.95,393739276,393735499,88,2041,2020,1580,22883,1651,3,1,True
2026-05-01T13:07:25.767,T1,1,258,9.156,-78.1,-109.5,-31.4,23.14,479617254,479613349,28,324,648,543,1742,553,3,1,True
2026-05-01T13:07:26.786,T1,1,259,7.978,-73.3,-110.9,-37.6,19.19,471896611,471893208,84,758,1612,1535,22575,1682,3,1,True
2026-05-01T13:07:29.846,T1,1,262,8.175,-71.6,-111.8,-40.3,16.16,477183609,477180123,96,857,1551,1273,27432,1749,3,1,True
2026-05-01T13:07:31.796,T1,1,264,10.924,-71.3,-110.0,-38.7,21.1,735550409,735545751,92,1316,1941,1419,29063,1786,3,1,True
2026-05-01T13:07:32.786,T1,1,265,9.85,-71.8,-111.9,-40.1,16.64,711567725,711563524,92,384,1531,1374,24837,1678,3,1,True
2026-05-01T13:07:35.786,T1,1,268,8.203,-71.2,-110.8,-39.5,17.3,400969656,400966157,92,965,1592,1387,24730,1642,3,1,True
2026-05-01T13:07:36.777,T1,1,269,8.973,-71.3,-111.3,-40.1,18.89,587881997,587878171,84,1129,1587,1095,26059,1688,3,1,True
2026-05-01T13:07:37.796,T1,1,270,7.462,-71.4,-110.9,-39.4,16.2,388413806,388410624,100,877,1620,1550,26790,1721,3,1,True
2026-05-01T13:07:38.786,T1,1,271,9.132,-70.6,-110.9,-40.3,22.68,450090782,450086887,76,1360,1724,1151,30377,1781,3,1,True
2026-05-01T13:07:39.806,T1,1,272,7.617,-72.0,-111.2,-39.2,22.19,403752844,403749595,84,1320,1864,1233,32090,1920,3,1,True
2026-05-01T13:07:40.796,T1,1,273,10.891,-70.7,-110.9,-40.2,19.83,734418958,734414314,76,1446,1507,1128,27794,1707,3,1,True
2026-05-01T13:07:41.786,T1,1,274,8.865,-71.2,-110.3,-39.1,20.17,495865224,495861444,80,1125,1614,1356,23741,1609,3,1,True
2026-05-01T13:07:43.796,T1,1,276,7.706,-70.8,-109.7,-38.9,16.12,407982572,407979286,100,1449,1612,1448,25148,1632,3,1,True
2026-05-01T13:07:44.816,T1,1,277,9.024,-70.8,-110.4,-39.6,21.64,589483830,589479982,76,1356,1645,1342,27376,1703,3,1,True
2026-05-01T13:07:45.805,T1,1,278,8.991,-71.0,-110.4,-39.4,17.21,427511635,427507800,92,1594,1583,1147,27258,1712,3,1,True
2026-05-01T13:07:48.806,T1,1,281,7.631,-71.5,-112.1,-40.5,18.28,407588586,407585332,92,733,1682,1535,34766,1966,3,1,True
2026-05-01T13:07:49.796,T1,1,282,8.433,-73.0,-112.4,-39.3,17.62,424090681,424087085,56,917,987,566,12489,1242,3,1,True
2026-05-01T13:07:50.786,T1,1,283,9.029,-70.7,-103.4,-32.7,30.25,401164211,401160360,100,3585,3025,1954,22684,1544,3,1,True
2026-05-01T13:07:51.807,T1,1,284,8.213,-70.9,-113.6,-42.7,12.95,407222629,407219127,80,392,1036,1247,25060,1632,3,1,True
2026-05-01T13:07:52.796,T1,1,285,11.651,-70.9,-102.2,-31.2,47.12,731591458,731586490,88,3724,4147,2755,24994,1633,3,1,True
2026-05-01T13:07:53.816,T1,1,286,9.217,-73.4,-112.8,-39.4,14.77,426568694,426564763,64,515,945,925,12814,1274,3,1,True
2026-05-01T13:07:54.806,T1,1,287,8.424,-73.7,-113.8,-40.1,15.98,454551707,454548115,80,1287,1278,810,30798,1998,3,1,True
2026-05-01T13:07:56.875,T1,1,289,8.016,-72.2,-108.5,-36.3,24.29,403626573,403623155,92,1374,2235,1970,27236,1782,3,1,True
2026-05-01T13:07:57.807,T1,1,290,7.983,-71.2,-110.9,-39.6,12.04,386186992,386183588,92,1395,1108,1376,23813,1610,3,1,True
2026-05-01T13:08:00.805,T1,1,293,7.57,-71.3,-110.9,-39.7,22.4,389735268,389732040,72,1269,1613,1010,24957,1652,3,1,True
2026-05-01T13:08:02.815,T1,1,295,8.513,-71.7,-111.8,-40.0,24.97,398485908,398482277,64,730,1598,1243,25898,1710,3,1,True
2026-05-01T13:08:03.805,T1,1,296,8.02,-71.6,-111.8,-40.1,17.64,398083298,398079877,88,1045,1552,976,24970,1673,3,1,True
2026-05-01T13:08:04.796,T1,1,297,7.753,-71.5,-111.1,-39.6,20.18,422947547,422944241,76,1013,1534,1115,22588,1584,3,1,True
2026-05-01T13:08:05.815,T1,1,298,8.944,-73.0,-106.4,-33.4,29.77,473891159,473887345,80,2640,2382,1702,23287,1693,3,1,True
2026-05-01T13:08:08.815,T1,1,301,7.687,-70.9,-110.2,-39.3,30.92,403976862,403973584,60,1219,1855,1332,27543,1712,3,1,True
2026-05-01T13:08:11.815,T1,1,304,7.608,-72.5,-111.5,-39.0,12.08,387844470,387841226,124,1105,1498,1867,34727,2036,3,1,True
2026-05-01T13:08:13.825,T1,1,306,7.974,-72.5,-111.8,-39.3,14.04,446947301,446943900,76,1308,1067,1553,28276,1834,3,1,True
2026-05-01T13:08:14.816,T1,1,307,8.555,-71.1,-112.1,-41.1,15.12,451452702,451449054,104,1096,1573,871,28203,1743,3,1,True
2026-05-01T13:08:15.805,T1,1,308,7.678,-71.4,-112.7,-41.2,16.76,403582126,403578852,84,1139,1408,778,27339,1739,3,1,True
2026-05-01T13:08:16.825,T1,1,309,11.018,-71.4,-111.5,-40.2,20.72,730099980,730095281,88,580,1823,1592,33594,1923,3,1,True
2026-05-01T13:08:18.835,T1,1,311,7.739,-71.0,-112.0,-41.0,23.59,403952590,403949290,64,609,1510,1426,29249,1770,3,1,True
2026-05-01T13:08:19.826,T1,1,312,7.73,-71.3,-112.1,-40.8,23.24,403274566,403271270,68,1300,1580,862,30537,1827,3,1,True
2026-05-01T13:08:20.845,T1,1,313,9.095,-83.3,-109.9,-26.6,25.5,407441803,407437924,16,210,408,271,462,340,3,1,True
2026-05-01T13:08:21.805,T1,1,314,9.409,-75.5,-113.1,-37.6,11.47,489288142,489284130,36,303,413,575,3452,711,3,1,True
2026-05-01T13:08:22.826,T1,1,315,8.133,-71.3,-112.3,-41.0,15.18,451049795,451046326,84,692,1275,1424,26725,1711,3,1,True
2026-05-01T13:08:23.828,T1,1,316,8.124,-71.9,-112.8,-40.9,15.04,458334262,458330797,80,725,1203,1256,24833,1684,3,1,True
2026-05-01T13:08:24.835,T1,1,317,8.288,-71.7,-112.3,-40.7,14.44,465100991,465097456,112,1127,1617,954,30761,1858,3,1,True
2026-05-01T13:08:25.824,T1,1,318,7.809,-70.9,-111.7,-40.8,20.05,406275662,406272332,76,516,1524,1324,25414,1643,3,1,True
2026-05-01T13:08:27.836,T1,1,320,11.322,-70.7,-112.6,-41.9,14.19,709412650,709407822,96,369,1362,1610,33392,1875,3,1,True
2026-05-01T13:08:29.845,T1,1,322,10.614,-71.2,-113.5,-42.2,14.86,710560743,710556216,92,507,1367,885,24794,1644,3,1,True
2026-05-01T13:08:41.844,T1,1,334,7.777,-71.7,-106.3,-34.6,29.8,398750112,398746796,80,2178,2384,1707,21308,1551,3,1,True
2026-05-01T13:08:42.834,T1,1,335,8.025,-71.4,-106.9,-35.5,28.32,402453311,402449889,88,1650,2492,1968,23977,1624,3,1,True
2026-05-01T13:08:43.854,T1,1,336,7.917,-72.1,-107.9,-35.8,27.72,413899855,413896479,72,1802,1996,1503,21115,1564,3,1,True
2026-05-01T13:08:44.846,T1,1,337,8.771,-71.2,-110.4,-39.2,15.63,403873446,403869706,92,892,1438,1772,25434,1663,3,1,True
2026-05-01T13:08:45.835,T1,1,338,8.307,-71.2,-110.9,-39.6,23.35,474262284,474258742,60,910,1401,1147,19227,1448,3,1,True
2026-05-01T13:08:46.825,T1,1,339,8.851,-74.2,-110.8,-36.6,20.87,468601992,468598218,84,1547,1753,1288,26849,1896,3,1,True
2026-05-01T13:08:47.844,T1,1,340,7.833,-72.0,-108.1,-36.1,27.41,398236124,398232784,76,2142,2083,1478,26277,1737,3,1,True
2026-05-01T13:08:48.834,T1,1,341,7.922,-72.2,-107.1,-34.9,30.73,404204095,404200716,84,1654,2581,2249,26882,1769,3,1,True
2026-05-01T13:08:49.854,T1,1,342,8.278,-71.6,-105.1,-33.5,41.3,442472073,442468542,64,1974,2643,2231,19264,1470,3,1,True
2026-05-01T13:08:50.843,T1,1,343,11.398,-71.3,-107.1,-35.9,29.12,726383597,726378737,84,1965,2446,1650,24986,1654,3,1,True
2026-05-01T13:08:51.864,T1,1,344,8.124,-70.9,-107.6,-36.7,21.45,446964546,446961081,80,2181,1716,1095,20239,1469,3,1,True
2026-05-01T13:08:52.855,T1,1,345,8.644,-70.1,-110.7,-40.5,13.77,447361535,447357849,84,1128,1157,1511,23610,1545,3,1,True
2026-05-01T13:08:53.846,T1,1,346,11.337,-70.2,-111.3,-41.1,17.06,725569151,725564316,84,1418,1433,1391,33410,1844,3,1,True
2026-05-01T13:09:05.875,T1,1,358,9.353,-70.7,-113.7,-43.0,14.1,463395786,463391798,80,353,1128,1328,29315,1755,3,1,True
2026-05-01T13:09:06.865,T1,1,359,9.174,-72.6,-108.7,-36.1,23.17,464964117,464960204,60,1540,1390,831,12894,1243,3,1,True
2026-05-01T13:09:09.863,T1,1,362,8.278,-70.0,-108.2,-38.2,28.14,454811980,454808449,72,1293,2026,1720,24140,1556,3,1,True
2026-05-01T13:09:10.854,T1,1,363,7.889,-71.4,-107.6,-36.2,24.36,403039498,403036133,76,2399,1851,1137,23089,1596,3,1,True
2026-05-01T13:09:14.873,T1,1,367,11.519,-79.9,-106.1,-26.2,25.9,462897629,462892717,20,523,518,353,572,337,3,1,True
2026-05-01T13:09:15.863,T1,1,368,12.167,-69.8,-110.4,-40.7,16.86,722477756,722472568,84,1189,1416,862,19623,1392,3,1,True
2026-05-01T13:09:16.885,T1,1,369,8.855,-70.3,-110.7,-40.4,24.63,393944755,393940979,68,1110,1675,1091,25273,1609,3,1,True
2026-05-01T13:09:17.875,T1,1,370,7.763,-70.0,-108.9,-38.9,19.66,397317088,397313778,80,2035,1573,1284,26808,1641,3,1,True
2026-05-01T13:09:20.875,T1,1,373,8.48,-71.2,-103.8,-32.7,42.69,458042501,458038885,84,3142,3586,2846,28701,1764,3,1,True
2026-05-01T13:09:23.872,T1,1,376,10.295,-81.1,-111.0,-29.9,8.75,463377388,463372998,16,340,140,273,518,334,3,1,True
2026-05-01T13:09:24.864,T1,1,377,10.774,-70.2,-106.8,-36.6,28.33,726867606,726863011,84,2584,2380,1759,30495,1759,3,1,True
2026-05-01T13:09:25.914,T1,1,378,8.189,-69.9,-105.6,-35.7,34.69,437512482,437508989,72,1876,2498,2030,21170,1451,3,1,True
2026-05-01T13:09:26.875,T1,1,379,7.941,-71.5,-106.5,-35.0,25.75,395029557,395026170,92,2695,2369,1639,26374,1713,3,1,True
2026-05-01T13:09:27.864,T1,1,380,8.354,-71.9,-108.6,-36.7,19.38,461527720,461524158,112,2100,2171,1507,30111,1853,3,1,True
2026-05-01T13:09:29.904,T1,1,382,8.963,-71.1,-105.8,-34.6,27.71,515963098,515959275,112,1941,3103,2645,29951,1801,3,1,True
2026-05-01T13:09:30.894,T1,1,383,8.03,-71.1,-105.9,-34.7,31.66,406167572,406164147,76,2214,2406,2391,24546,1631,3,1,True
2026-05-01T13:09:32.874,T1,1,385,8.977,-73.0,-107.2,-34.2,26.08,462963968,462960139,96,3112,2504,1700,33349,2027,3,1,True
2026-05-01T13:09:33.923,T1,1,386,8.438,-70.7,-106.2,-35.5,32.17,451534937,451531338,80,2042,2574,1947,24219,1596,3,1,True
2026-05-01T13:09:34.885,T1,1,387,7.964,-70.6,-105.2,-34.7,24.46,391987586,391984190,112,3039,2739,1881,27242,1685,3,1,True
2026-05-01T13:09:35.903,T1,1,388,8.593,-71.1,-106.7,-35.6,23.78,478067220,478063556,108,2899,2568,1913,33834,1913,3,1,True
2026-05-01T13:09:37.884,T1,1,390,8.663,-71.2,-114.3,-43.1,13.86,387994844,387991149,64,365,887,1032,20737,1501,3,1,True
2026-05-01T13:09:39.893,T1,1,392,11.679,-72.1,-110.5,-38.4,18.82,762174582,762169602,108,1314,2033,1252,30211,1872,3,1,True
2026-05-01T13:09:41.874,T1,1,394,9.062,-71.8,-110.7,-39.0,18.58,435417650,435413786,100,782,1858,1555,28387,1792,3,1,True
2026-05-01T13:09:42.893,T1,1,395,8.644,-72.9,-106.4,-33.5,34.1,392220773,392217087,100,1205,3410,3122,34178,2042,3,1,True
2026-05-01T13:09:45.893,T1,1,398,10.258,-77.2,-110.9,-33.8,21.36,477478241,477473866,28,313,598,373,1882,556,3,1,True
2026-05-01T13:09:48.895,T1,1,401,8.152,-72.9,-108.7,-35.8,23.78,435990230,435986754,88,1576,2093,1970,27347,1827,3,1,True
2026-05-01T13:09:49.883,T1,1,402,7.927,-70.9,-109.8,-38.9,21.24,395509160,395505780,88,1270,1869,1448,27035,1696,3,1,True
2026-05-01T13:09:50.902,T1,1,403,7.852,-72.0,-109.4,-37.4,22.08,390163882,390160533,88,1570,1943,1424,26330,1742,3,1,True
2026-05-01T13:09:52.882,T1,1,405,10.319,-71.1,-111.4,-40.4,19.88,694112782,694108381,84,1186,1670,1115,29524,1783,3,1,True
2026-05-01T13:09:55.882,T1,1,408,8.217,-72.7,-111.5,-38.8,17.82,448146268,448142763,84,1022,1497,1665,29574,1888,3,1,True
2026-05-01T13:09:56.903,T1,1,409,8.203,-72.2,-111.7,-39.5,21.76,439909673,439906175,76,1204,1654,1306,31356,1914,3,1,True
2026-05-01T13:09:58.913,T1,1,411,8.246,-71.9,-108.9,-37.0,27.73,450329748,450326232,60,1447,1664,1555,20948,1549,3,1,True
2026-05-01T13:09:59.911,T1,1,412,8.677,-72.8,-114.1,-41.3,17.08,452524011,452520310,92,457,1571,1062,34040,2036,3,1,True
2026-05-01T13:10:00.893,T1,1,413,9.737,-74.2,-106.2,-32.0,28.4,452466431,452462279,128,1913,3635,2475,29786,1997,3,1,True
2026-05-01T13:10:01.913,T1,1,414,9.179,-71.2,-112.4,-41.2,16.2,494469171,494465256,88,973,1426,1015,26657,1702,3,1,True
2026-05-01T13:10:03.923,T1,1,416,8.372,-71.9,-112.0,-40.1,20.12,459322076,459318505,80,925,1610,1345,30363,1862,3,1,True
2026-05-01T13:10:04.913,T1,1,417,8.752,-72.2,-104.1,-31.9,33.37,432752124,432748392,116,3378,3871,2550,30423,1884,3,1,True
2026-05-01T13:10:06.924,T1,1,419,7.819,-71.8,-111.3,-39.5,21.09,387517390,387514055,76,1361,1603,1019,27197,1754,3,1,True
2026-05-01T13:10:08.933,T1,1,421,10.868,-71.1,-112.3,-41.2,18.97,658077199,658072565,76,378,1442,1464,28924,1770,3,1,True
2026-05-01T13:10:09.922,T1,1,422,11.731,-71.9,-112.5,-40.6,15.31,715579861,715574858,84,972,1286,1437,30756,1873,3,1,True
2026-05-01T13:10:12.922,T1,1,425,9.31,-71.0,-105.0,-34.0,32.35,448644761,448640790,92,2253,2976,2897,27638,1723,3,1,True
2026-05-01T13:10:13.912,T1,1,426,10.126,-72.0,-106.0,-34.0,27.4,458244579,458240261,92,2208,2521,1597,20134,1521,3,1,True
2026-05-01T13:10:15.923,T1,1,428,9.348,-71.6,-112.5,-40.9,15.1,453660943,453656956,92,839,1389,1294,28866,1799,3,1,True
2026-05-01T13:10:18.923,T1,1,431,10.83,-71.2,-112.8,-41.6,16.29,753916187,753911568,80,345,1303,1339,26798,1708,3,1,True
2026-05-01T13:10:20.932,T1,1,433,8.672,-71.5,-112.4,-41.0,16.35,494642296,494638597,96,717,1570,1137,28428,1774,3,1,True
2026-05-01T13:10:22.913,T1,1,435,7.809,-70.9,-113.6,-42.7,16.76,392276355,392273024,80,586,1341,915,26832,1691,3,1,True
2026-05-01T13:10:23.962,T1,1,436,8.217,-71.4,-112.7,-41.3,15.19,385526387,385522883,100,766,1519,1048,28451,1774,3,1,True
2026-05-01T13:10:24.922,T1,1,437,8.203,-71.4,-112.6,-41.2,17.39,437634340,437630841,84,360,1461,1131,24395,1639,3,1,True
2026-05-01T13:10:25.913,T1,1,438,10.295,-70.9,-99.2,-28.3,48.44,450656487,450652096,112,6507,5425,4491,30235,1792,3,1,True
2026-05-01T13:10:26.932,T1,1,439,10.938,-71.6,-112.2,-40.6,19.54,714113468,714108804,84,1186,1641,954,31230,1871,3,1,True
2026-05-01T13:10:32.931,T1,1,445,8.325,-73.7,-111.2,-37.5,17.04,405960421,405956871,100,1401,1704,1213,27370,1882,3,1,True
2026-05-01T13:10:35.933,T1,1,448,8.771,-71.1,-109.2,-38.1,15.5,452610263,452606522,100,2260,1550,1644,32994,1886,3,1,True
2026-05-01T13:10:36.922,T1,1,449,7.903,-71.3,-113.1,-41.8,15.43,405791189,405787819,80,258,1234,1433,28347,1762,3,1,True
2026-05-01T13:10:38.931,T1,1,451,10.91,-70.2,-109.8,-39.6,20.05,757469159,757464506,92,1168,1845,1517,28198,1692,3,1,True
2026-05-01T13:10:40.941,T1,1,453,9.737,-70.6,-107.9,-37.3,23.8,492663468,492659315,84,1290,1999,2048,24638,1605,3,1,True
2026-05-01T13:10:41.961,T1,1,454,8.94,-71.6,-112.1,-40.5,14.63,462449724,462445912,112,669,1639,1313,29425,1811,3,1,True
2026-05-01T13:10:42.920,T1,1,455,7.889,-70.9,-108.9,-38.0,20.01,394837343,394833978,96,1050,1921,1712,23511,1584,3,1,True
2026-05-01T13:10:43.940,T1,1,456,8.738,-73.0,-112.3,-39.3,12.26,444583826,444580100,96,1297,1177,1646,33407,2031,3,1,True
2026-05-01T13:10:45.957,T1,1,458,8.293,-72.3,-109.0,-36.7,22.66,448826277,448822741,88,1834,1994,1780,30082,1880,3,1,True
2026-05-01T13:10:47.931,T1,1,460,8.996,-70.1,-99.4,-29.3,54.15,427605801,427601964,108,4179,5848,4831,27117,1653,3,1,True
2026-05-01T13:10:50.961,T1,1,463,11.093,-70.3,-109.7,-39.4,21.29,687365374,687360643,100,902,2129,1770,32698,1829,3,1,True
2026-05-01T13:10:52.941,T1,1,465,8.321,-73.6,-111.2,-37.6,16.13,388018710,388015161,84,1306,1355,779,17796,1510,3,1,True
2026-05-01T13:10:54.951,T1,1,467,10.792,-71.6,-110.3,-38.7,23.87,754799480,754794878,68,1621,1623,972,24912,1670,3,1,True
2026-05-01T13:11:08.878,T1,1,2,7.537,-78.9,-101.9,-23.1,58.76,484639902,484636688,80,4835,4701,4130,22172,2025,3,1,True
2026-05-01T13:11:09.868,T1,1,3,7.148,-77.3,-93.1,-15.8,173.58,418539736,418536688,88,6932,15275,14201,25013,2038,3,1,True
2026-05-01T13:11:10.888,T1,1,4,7.27,-74.1,-92.0,-17.8,151.69,425271259,425268158,100,10454,15169,14606,27378,1908,3,1,True
2026-05-01T13:11:11.879,T1,1,5,9.324,-73.8,-92.4,-18.5,197.93,663156660,663152684,76,12379,15043,11360,28116,1916,3,1,True
2026-05-01T13:11:12.868,T1,1,6,7.439,-78.0,-94.0,-16.0,156.0,443941915,443938742,80,11432,12480,9830,23218,2008,3,1,True
2026-05-01T13:11:13.888,T1,1,7,8.879,-79.5,-94.6,-15.1,143.86,489774904,489771117,36,2459,5179,4956,3601,834,3,1,True
2026-05-01T13:11:14.878,T1,1,8,10.732,-75.8,-100.2,-24.4,88.29,745913657,745909080,68,3944,6004,4294,20398,1746,3,1,True
2026-05-01T13:11:16.917,T1,1,10,8.443,-inf,-101.8,inf,34.0,441960461,441956860,8,355,272,162,0,120,1,1,False
2026-05-01T13:11:17.879,T1,1,11,9.826,-76.1,-96.8,-20.8,95.84,729995391,729991200,76,9015,7284,4925,21173,1795,3,1,True
2026-05-01T13:11:18.899,T1,1,12,9.751,-75.6,-96.1,-20.5,111.6,724518084,724513926,72,8510,8035,7840,22788,1833,3,1,True
2026-05-01T13:11:41.757,T1,1,10,8.452,-76.6,-93.2,-16.6,160.42,472613162,472609558,24,1721,3850,3381,1621,506,3,1,True
2026-05-01T13:11:42.057,T1,1,13,10.933,-78.9,-98.9,-20.0,89.3,728639129,728634466,80,6260,7144,5458,21215,1985,3,1,True
2026-05-01T13:11:53.247,T1,1,12,8.687,-74.2,-106.7,-32.4,28.18,464919998,464916293,104,2972,2931,1936,30700,2028,3,1,True
2026-05-01T13:11:53.427,T1,1,14,9.868,-89.6,-105.9,-16.3,24.92,458066542,458062334,12,285,299,343,93,217,3,1,True
2026-05-01T13:11:53.998,T1,1,19,9.77,-inf,-110.3,inf,14.25,394362178,394358012,8,27,114,126,0,116,1,1,False
2026-05-01T13:11:54.447,T1,1,23,10.244,-75.8,-101.0,-25.2,50.76,536727344,536722976,76,4206,3858,2640,13967,1445,3,1,True
2026-05-01T13:11:54.539,T1,1,24,8.443,-75.5,-99.9,-24.4,68.68,426995267,426991667,84,6498,5769,4726,27466,2003,3,1,True
2026-05-01T13:11:54.657,T1,1,25,8.902,-73.8,-100.3,-26.5,54.81,432303667,432299870,96,6054,5262,3857,27222,1880,3,1,True
2026-05-01T13:11:54.746,T1,1,26,11.979,-75.6,-101.0,-25.4,57.92,755613949,755608841,88,4935,5097,4949,27016,1999,3,1,True
2026-05-01T13:11:54.837,T1,1,27,9.376,-89.6,-104.6,-15.0,32.75,447851585,447847587,12,486,393,400,132,257,3,1,True
2026-05-01T13:11:54.956,T1,1,28,8.199,-75.7,-105.2,-29.4,37.88,429972625,429969128,92,3218,3485,2553,26835,1999,3,1,True
2026-05-01T13:11:55.168,T1,1,30,8.405,-74.3,-105.9,-31.5,43.67,461516674,461513090,76,595,3319,2994,24306,1812,3,1,True
2026-05-01T13:11:55.347,T1,1,31,8.762,-74.4,-103.4,-29.0,42.01,491899913,491896177,92,2625,3865,3404,22685,1755,3,1,True
2026-05-01T13:11:55.497,T1,1,33,8.846,-84.5,-108.5,-24.0,23.38,407474573,407470801,16,136,374,461,407,333,3,1,True
2026-05-01T13:11:55.826,T1,1,36,7.983,-74.9,-105.9,-31.0,38.09,404547635,404544230,88,2979,3352,2250,29175,2026,3,1,True
2026-05-01T13:11:56.188,T1,1,39,8.081,-74.6,-105.9,-31.3,37.33,405782131,405778684,92,2812,3434,2156,28624,1985,3,1,True
2026-05-01T13:11:56.278,T1,1,40,8.152,-74.6,-105.2,-30.6,36.64,428985491,428982014,104,2829,3811,2676,30053,2033,3,1,True
2026-05-01T13:11:56.517,T1,1,42,10.431,-72.9,-104.1,-31.2,32.74,712129660,712125211,112,3369,3667,3076,30015,1918,3,1,True
2026-05-01T13:11:56.728,T1,1,44,11.262,-74.1,-105.1,-31.0,31.72,728266903,728262101,100,3773,3172,2205,29855,1991,3,1,True
2026-05-01T13:11:57.057,T1,1,47,8.002,-74.1,-104.7,-30.6,33.74,408377457,408374045,100,4156,3374,2214,31393,2041,3,1,True
2026-05-01T13:11:57.626,T1,1,52,8.255,-74.7,-105.5,-30.8,36.61,450370207,450366686,100,2722,3661,2536,29292,2017,3,1,True
2026-05-01T13:11:57.866,T1,1,54,7.884,-74.8,-105.6,-30.7,39.43,395576535,395573172,92,2701,3628,2545,29113,2016,3,1,True
2026-05-01T13:11:58.016,T1,1,55,8.78,-76.2,-106.1,-29.9,34.07,433388518,433384773,68,1986,2317,1550,13084,1419,3,1,True
2026-05-01T13:11:58.168,T1,1,57,9.174,-87.3,-109.7,-22.4,16.0,450296316,450292403,16,112,256,334,225,273,3,1,True
2026-05-01T13:11:58.526,T1,1,60,9.282,-75.1,-106.0,-30.9,31.26,579772262,579768304,96,2203,3001,3200,28296,2005,3,1,True
2026-05-01T13:11:58.616,T1,1,61,8.827,-74.7,-106.8,-32.1,30.8,494617233,494613468,92,2759,2834,2198,29760,2028,3,1,True
2026-05-01T13:11:59.156,T1,1,65,10.225,-76.3,-107.2,-30.8,35.75,717070655,717066294,84,2511,3003,1906,26660,2033,3,1,True
2026-05-01T13:11:59.547,T1,1,69,7.753,-74.2,-106.7,-32.4,32.06,394023836,394020530,96,2434,3078,1907,27664,1926,3,1,True
2026-05-01T13:11:59.668,T1,1,70,8.114,-76.4,-105.9,-29.5,24.38,440920671,440917211,92,3026,2243,3172,25285,1982,3,1,True
2026-05-01T13:11:59.786,T1,1,71,8.546,-77.8,-107.8,-30.0,30.14,496963182,496959537,84,2222,2532,2145,23749,2019,3,1,True
2026-05-01T13:12:00.206,T1,1,75,11.107,-75.5,-107.8,-32.3,26.7,725149395,725144658,108,2250,2884,1723,28124,2027,3,1,True
2026-05-01T13:12:00.327,T1,1,76,10.244,-75.9,-108.0,-32.1,30.39,731590627,731586259,88,1252,2674,2472,26106,1983,3,1,True
2026-05-01T13:12:00.417,T1,1,77,7.884,-75.8,-108.3,-32.4,28.52,422822324,422818961,96,1527,2738,2098,26685,2000,3,1,True
2026-05-01T13:12:00.868,T1,1,81,8.513,-75.5,-107.6,-32.1,23.38,476431451,476427821,88,2260,2057,2697,27318,1997,3,1,True
2026-05-01T13:12:00.988,T1,1,82,10.919,-75.1,-108.1,-33.1,33.93,753783191,753778535,84,1868,2850,1822,28716,2021,3,1,True
2026-05-01T13:12:01.196,T1,1,84,7.636,-75.7,-108.2,-32.5,34.39,393128571,393125315,80,1641,2751,2085,27190,2006,3,1,True
2026-05-01T13:12:01.288,T1,1,85,11.332,-74.2,-107.4,-33.2,38.21,753195552,753190720,80,1825,3057,1970,28538,1952,3,1,True
2026-05-01T13:12:01.496,T1,1,87,10.286,-75.1,-107.5,-32.4,33.28,727287458,727283072,92,2138,3062,1841,28594,2018,3,1,True
2026-05-01T13:12:01.646,T1,1,88,7.978,-75.1,-107.1,-32.0,31.61,439665027,439661625,100,2168,3161,1962,28189,2007,3,1,True
2026-05-01T13:12:01.706,T1,1,89,9.625,-75.8,-106.6,-30.8,18.5,594649289,594645185,96,2905,1776,3134,27569,2031,3,1,True
2026-05-01T13:12:02.277,T1,1,94,7.547,-75.0,-107.2,-32.2,39.53,385861553,385858334,80,1356,3162,2450,27921,1985,3,1,True
2026-05-01T13:12:02.758,T1,1,98,7.809,-76.1,-107.5,-31.4,33.84,423191087,423187757,88,2024,2978,2004,26210,2000,3,1,True
2026-05-01T13:12:02.878,T1,1,99,10.23,-76.1,-107.2,-31.1,29.36,729456074,729451712,88,1165,2584,3248,26915,2025,3,1,True
2026-05-01T13:12:02.998,T1,1,100,8.405,-75.3,-107.0,-31.7,37.17,490515517,490511932,88,1704,3271,2272,27247,1985,3,1,True
2026-05-01T13:12:03.059,T1,1,101,9.287,-78.2,-108.3,-30.2,24.81,497102266,497098306,52,1143,1290,775,5812,1011,3,1,True
2026-05-01T13:12:03.148,T1,1,102,8.213,-75.5,-108.2,-32.7,27.16,472210167,472206664,100,1936,2716,1897,27726,2016,3,1,True
2026-05-01T13:12:03.268,T1,1,103,11.093,-74.4,-106.9,-32.6,39.43,762081567,762076837,76,2522,2997,1660,27685,1935,3,1,True
2026-05-01T13:12:03.478,T1,1,105,8.71,-78.0,-106.8,-28.8,25.88,430759215,430755500,32,1110,828,540,2556,667,3,1,True
2026-05-01T13:12:03.568,T1,1,106,7.884,-75.6,-105.0,-29.3,42.04,424505830,424502468,96,1746,4036,3434,27799,2026,3,1,True
2026-05-01T13:12:03.927,T1,1,109,7.631,-75.1,-104.8,-29.7,43.42,385988502,385985248,92,3135,3995,2555,28571,2017,3,1,True
2026-05-01T13:12:04.498,T1,1,114,11.299,-75.9,-104.4,-28.5,38.55,766422219,766417401,92,2358,3547,4065,26616,2001,3,1,True
2026-05-01T13:12:04.627,T1,1,115,7.936,-73.2,-104.0,-30.9,49.33,425792769,425789385,80,2657,3946,2988,26948,1833,3,1,True
2026-05-01T13:12:04.826,T1,1,117,10.535,-72.5,-104.8,-32.3,44.03,771012436,771007944,80,2869,3522,2267,27456,1806,3,1,True
2026-05-01T13:12:05.158,T1,1,120,8.081,-72.8,-104.9,-32.1,34.59,450491867,450488421,100,1791,3459,3048,26064,1779,3,1,True
2026-05-01T13:12:05.277,T1,1,121,7.692,-74.4,-107.1,-32.7,33.12,409609619,409606339,92,1620,3047,2536,29225,1993,3,1,True
2026-05-01T13:12:05.366,T1,1,122,8.217,-74.9,-107.4,-32.5,30.09,478483821,478480316,96,2096,2889,2157,28328,1994,3,1,True
2026-05-01T13:12:05.577,T1,1,124,8.959,-79.9,-111.0,-31.1,19.4,458498421,458494601,20,88,388,403,853,412,3,1,True
2026-05-01T13:12:05.846,T1,1,126,8.368,-80.5,-109.9,-29.3,23.2,400026628,400023060,20,227,464,389,820,412,3,1,True
2026-05-01T13:12:05.906,T1,1,127,10.211,-73.0,-107.8,-34.8,30.86,745053145,745048790,92,649,2839,2501,30232,1931,3,1,True
2026-05-01T13:12:06.118,T1,1,129,7.594,-75.1,-108.8,-33.7,30.59,408287767,408284529,88,864,2692,2118,27787,1988,3,1,True
2026-05-01T13:12:06.598,T1,1,133,7.608,-74.7,-106.5,-31.8,35.98,407251792,407248547,88,2138,3166,2473,28202,1977,3,1,True
2026-05-01T13:12:06.927,T1,1,136,9.934,-74.3,-105.1,-30.9,39.52,708708499,708704262,96,690,3794,3703,29083,1977,3,1,True
2026-05-01T13:12:07.046,T1,1,137,8.424,-74.6,-105.1,-30.5,34.99,472172351,472168758,92,3894,3219,2092,29283,2005,3,1,True
